,Unnamed: 0,User ID,Baseline,Day 1,Day 2,Day 3,Day 4,Day 5,Weekend 1,Day 6,Day 7,Day 8,Day 9,Day 10,Weekend 2,Norstat ID_x,condition,Norstat ID
0,0,104582,1.0,1,1,1,1,1,1.0,1,1,1,1,1,1.0,5nJ4ApbP4Ne2G3kx,2.0,
1,1,104584,1.0,1,1,1,1,1,1.0,1,1,1,1,1,1.0,Vw142r07XqPAaNPX,3.0,
2,2,104605,1.0,1,1,1,1,1,1.0,1,1,1,1,1,1.0,yNedoa0VX45AMEjw,5.0,
3,3,104608,1.0,1,1,1,1,1,1.0,1,1,1,1,1,1.0,BdVOAGVQVXE968JL,5.0,
4,4,104702,1.0,1,1,1,1,1,1.0,1,1,0,1,0,1.0,NaBzAB8D4Qw2YyVM,4.0,
5,5,104711,0.0,0,0,0,0,0,0.0,0,0,0,0,0,0.0,3YVN2ManXjp2bRn5,1.0,
6,0,106521,1.0,0,0,1,1,1,1.0,1,0,0,0,0,1.0,,3.0,LDen9K41b1QAElVw
7,1,106522,1.0,0,0,0,0,0,1.0,1,1,1,1,1,1.0,,5.0,YXrqo4l375NoMZdm
8,2,106523,1.0,1,1,1,1,1,1.0,0,0,1,1,1,1.0,,3.0,81K7AmYRz66AZmyO
9,3,106524,1.0,1,1,1,1,1,1.0,1,1,1,1,1,1.0,,4.0,RWLV2ZQqQjzo5vN3
10,4,106526,1.0,1,1,1,1,1,1.0,1,1,1,1,1,1.0,,5.0,zExm2JmdXQ1o6PyK
11,5,106527,1.0,0,0,0,0,0,0.0,0,0,0,0,0,,,5.0,Elb8AvB1Dv5ApLX5
12,6,106531,1.0,0,1,1,1,1,1.0,1,1,1,1,1,1.0,,1.0,QGYe2jXzkV5AgrXp
13,7,106532,1.0,0,1,1,1,1,1.0,1,1,1,1,1,1.0,,1.0,qRZK2gj6ebyobdka
14,8,106533,0.0,0,0,0,0,0,0.0,0,0,0,0,0,,,2.0,nKY7owOmG8noG3v4
15,9,106555,1.0,1,1,1,1,1,1.0,1,1,1,1,1,1.0,,2.0,nKY7oww4YNdoG3v4
16,10,106574,1.0,1,1,1,1,1,1.0,1,1,1,1,1,1.0,,2.0,nKY7owOmG8noG3v4
17,11,106594,1.0,0,1,1,1,1,1.0,1,0,1,1,1,1.0,,1.0,zExm2JXQdxkA6PyK
18,12,106595,1.0,0,0,0,0,0,0.0,0,0,0,0,0,0.0,,1.0,LKkR2XmY6km9ZaYV
19,13,106596,1.0,1,1,1,1,1,1.0,1,1,1,1,1,1.0,,2.0,xgOVA1gqz3K2elJ1
20,14,106600,1.0,1,0,0,1,1,1.0,0,1,1,1,1,0.0,,2.0,j1Le2D3ZjOkoxEOy
21,15,106601,1.0,1,1,1,1,1,1.0,1,1,1,1,1,1.0,,2.0,jnWOo0v4q0w9Xzex
22,16,106602,1.0,0,0,0,0,0,1.0,0,0,0,0,0,1.0,,4.0,kqPlARmepE49WndY
23,17,106629,1.0,1,1,1,1,1,1.0,1,1,0,0,0,1.0,,2.0,vGWjoqeyLZBozDOX
24,18,106632,1.0,1,1,1,1,1,1.0,1,0,1,1,1,1.0,,5.0,W7mLA5JvO8ZoN6n1
25,19,106649,1.0,0,1,0,0,0,1.0,0,0,0,0,0,1.0,,5.0,p3MN23KByN42l1ag
26,20,106886,1.0,1,1,1,1,1,1.0,1,1,1,1,1,1.0,,3.0,nKY7owdrzB32G3v4
27,21,106887,1.0,1,1,1,1,1,1.0,1,1,1,1,1,1.0,,4.0,jnWOo0XGGJXoXzex
28,22,106905,1.0,1,0,0,1,1,1.0,0,1,1,1,1,1.0,,2.0,ybDaoyX3DlZAQdvY
29,23,106916,1.0,1,1,1,0,1,1.0,1,1,1,1,1,1.0,,2.0,beaJAWr3xKW9vw16
30,24,106917,1.0,1,1,1,0,1,1.0,1,1,1,1,1,1.0,,4.0,YXrqo4Z6Y4X9MZdm
31,25,106921,1.0,1,1,1,1,1,1.0,1,1,1,1,1,1.0,,3.0,qRZK2gkyRnY2bdka
32,26,106927,1.0,0,1,1,1,1,1.0,0,1,1,1,1,1.0,,1.0,3YVN2MBpODV9bRn5
33,27,106958,1.0,0,0,1,1,1,1.0,0,0,1,0,1,1.0,,5.0,Yxq827dk5Ra9MWZ0
34,28,107002,0.0,0,0,0,0,0,0.0,0,0,0,0,0,,,3.0,LDen9KrgjlG2ElVw
35,29,107053,1.0,1,1,1,1,1,1.0,1,1,1,1,1,1.0,,2.0,ybDaoyd0vxaAQdvY
36,30,107065,1.0,1,1,1,1,1,1.0,1,1,0,1,0,1.0,,2.0,vGWjoqj4ylv2zDOX
37,31,107178,1.0,0,0,1,1,1,1.0,1,1,1,1,1,1.0,,3.0,vGWjoqn3zQP2zDOX
38,32,107180,1.0,0,1,1,1,1,1.0,0,0,1,1,1,1.0,,1.0,QGYe2jXeNNPAgrXp
39,33,107181,1.0,0,0,1,1,1,1.0,0,0,1,0,1,1.0,,3.0,aX8boPdma83oOJrM
40,34,107182,1.0,0,1,1,1,1,1.0,1,1,1,1,1,1.0,,1.0,NaBzAB8BqyO2YyVM
41,35,107183,1.0,0,0,0,0,0,1.0,0,0,0,0,0,1.0,,2.0,ybDaoyd0gzNAQdvY
42,36,107185,1.0,0,1,1,1,1,1.0,1,1,1,1,1,1.0,,2.0,5Ywxodj18qN9Oylz
43,37,107186,1.0,1,1,1,1,1,1.0,1,1,1,1,1,1.0,,2.0,Vj6N985vyYaA8drl
44,38,107223,1.0,1,1,1,1,1,1.0,1,1,1,1,1,1.0,,3.0,mKPv9zWOZWaAyWe7
45,39,107228,1.0,0,1,1,0,0,0.0,0,0,0,0,0,,,3.0,Vj6N985vvQ1A8drl
46,40,107285,1.0,1,1,0,0,1,1.0,1,1,1,0,0,1.0,,2.0,XNdYoQV7pQd2Wq1r
47,41,107306,0.0,0,0,0,0,0,0.0,0,0,0,0,0,0.0,,1.0,
48,0,108242,1.0,0,1,1,1,1,1.0,1,1,1,1,1,1.0,,1.0,
49,1,108245,1.0,1,1,1,1,1,1.0,1,1,1,1,1,1.0,,4.0,
50,2,108247,1.0,1,1,1,0,0,1.0,1,0,1,0,0,1.0,,4.0,
51,3,108250,1.0,1,1,1,1,1,1.0,1,1,1,1,1,1.0,,4.0,
52,4,108251,1.0,1,1,1,1,1,1.0,1,1,1,1,1,1.0,,5.0,
53,5,108252,1.0,1,1,1,1,1,1.0,1,0,0,1,1,1.0,,2.0,
54,6,108253,1.0,0,1,0,1,1,1.0,1,1,1,1,1,1.0,,1.0,
55,7,108254,1.0,0,0,0,0,0,1.0,0,0,0,0,0,,,5.0,
56,8,108255,1.0,1,1,1,1,1,1.0,1,1,1,1,1,1.0,,2.0,
57,9,108256,1.0,0,0,0,0,1,1.0,1,0,0,0,0,,,1.0,
58,10,108258,1.0,1,1,1,1,1,1.0,1,1,1,1,1,1.0,,5.0,
59,11,108261,1.0,0,1,1,1,1,1.0,1,1,1,1,1,1.0,,2.0,
60,12,108262,1.0,0,1,1,1,1,1.0,1,1,1,1,1,1.0,,1.0,
61,13,108263,1.0,1,1,1,1,1,1.0,1,1,1,1,1,1.0,,2.0,
62,14,108264,1.0,1,1,1,1,1,1.0,1,1,1,1,1,1.0,,4.0,
63,15,108265,1.0,0,0,0,1,1,1.0,1,1,1,1,1,1.0,,4.0,
64,16,108266,1.0,0,0,0,0,0,1.0,0,0,0,0,0,,,3.0,
65,17,108267,1.0,0,1,1,1,1,1.0,1,1,1,1,1,1.0,,1.0,
66,18,108268,1.0,0,0,1,1,1,1.0,0,1,0,1,1,1.0,,1.0,
67,19,108269,1.0,1,1,1,1,1,1.0,0,0,0,1,1,1.0,,2.0,
68,20,108270,1.0,1,1,1,1,1,1.0,1,1,1,1,1,1.0,,2.0,
69,21,108271,1.0,1,1,1,1,0,1.0,0,1,1,1,1,1.0,,3.0,
70,22,108272,1.0,1,1,1,1,1,1.0,1,1,1,1,1,1.0,,2.0,
71,23,108273,1.0,1,1,1,1,1,1.0,1,1,1,1,1,1.0,,2.0,
72,24,108274,1.0,0,0,0,0,0,0.0,0,0,0,0,0,,,2.0,
73,25,108275,1.0,0,1,1,1,0,1.0,1,1,1,1,0,1.0,,1.0,
74,26,108276,1.0,0,1,1,1,1,1.0,1,1,1,1,1,1.0,,1.0,
75,27,108277,1.0,1,1,1,1,1,1.0,1,1,1,1,1,1.0,,3.0,
76,28,108278,1.0,1,1,1,1,0,1.0,0,0,1,1,1,1.0,,2.0,
77,29,108279,1.0,1,1,0,0,0,1.0,1,1,1,1,1,1.0,,3.0,
78,30,108280,1.0,1,1,1,1,1,1.0,1,1,1,1,1,1.0,,3.0,
79,31,108281,1.0,0,1,1,1,1,1.0,1,1,1,1,1,1.0,,1.0,
80,32,108283,1.0,1,1,1,1,1,0.0,0,0,0,0,0,1.0,,2.0,
81,33,108285,1.0,1,1,1,1,1,1.0,1,1,1,1,1,1.0,,4.0,
82,34,108286,1.0,1,1,1,1,1,1.0,1,1,1,1,0,1.0,,2.0,
83,35,108287,1.0,1,1,1,1,1,1.0,1,1,0,0,1,1.0,,3.0,
84,36,108289,1.0,1,1,1,0,1,1.0,1,1,0,0,0,1.0,,5.0,
85,37,108290,1.0,1,1,1,1,1,1.0,1,1,1,1,1,1.0,,3.0,
86,38,108291,1.0,1,1,1,1,1,1.0,0,0,0,0,0,0.0,,4.0,
87,39,108293,1.0,1,1,1,1,1,1.0,1,1,1,1,1,1.0,,5.0,
88,40,108294,1.0,1,1,1,1,1,1.0,1,1,1,1,1,1.0,,3.0,
89,41,108297,1.0,0,1,1,1,1,1.0,1,1,1,1,1,1.0,,1.0,
90,42,108299,1.0,0,1,1,1,0,1.0,1,1,1,0,0,1.0,,1.0,
91,43,108300,1.0,1,1,0,0,1,1.0,1,0,0,0,0,1.0,,3.0,
92,44,108303,1.0,0,1,1,1,1,1.0,1,1,1,1,1,1.0,,1.0,
93,45,108304,1.0,1,1,1,1,1,1.0,1,1,1,1,1,1.0,,4.0,
94,46,108307,1.0,1,1,1,1,1,1.0,1,1,1,1,1,1.0,,4.0,
95,47,108316,1.0,1,1,1,1,1,1.0,1,1,1,1,1,1.0,,2.0,
96,48,108320,1.0,0,1,1,1,1,1.0,1,1,1,1,1,1.0,,1.0,
97,49,108326,1.0,1,1,1,1,1,1.0,1,0,1,1,1,1.0,,3.0,
98,50,108339,1.0,1,0,0,0,0,1.0,0,0,0,0,0,0.0,,4.0,
99,51,108350,1.0,0,1,0,1,1,1.0,1,0,0,0,0,0.0,,2.0,
100,52,108359,1.0,0,0,0,0,0,1.0,0,1,0,1,1,1.0,,2.0,
101,53,108363,1.0,1,1,1,1,1,1.0,1,1,1,1,1,1.0,,2.0,
102,54,108365,1.0,1,1,1,1,1,1.0,1,1,1,1,1,1.0,,5.0,
103,55,108368,1.0,0,1,1,0,1,1.0,0,0,0,0,0,1.0,,1.0,
104,56,108371,1.0,0,1,1,1,1,1.0,1,1,1,1,1,1.0,,2.0,
105,57,108372,1.0,1,0,0,0,0,0.0,0,0,0,0,0,0.0,,3.0,
106,58,108373,1.0,0,1,1,0,1,1.0,1,1,1,1,1,1.0,,1.0,
107,59,108375,1.0,0,1,1,1,1,1.0,1,0,1,1,1,1.0,,3.0,
108,60,108378,1.0,0,1,1,1,0,1.0,0,0,0,0,0,0.0,,1.0,
109,61,108379,1.0,1,1,0,0,1,1.0,1,1,1,1,0,1.0,,3.0,
110,62,108380,1.0,1,1,1,1,1,1.0,1,1,1,1,1,1.0,,2.0,
111,63,108381,1.0,1,1,1,1,1,1.0,1,1,1,1,1,1.0,,5.0,
112,64,108382,1.0,0,0,0,1,1,1.0,1,0,1,1,1,1.0,,2.0,
113,65,108383,1.0,0,0,1,1,1,1.0,1,1,1,1,0,1.0,,1.0,
114,66,108384,1.0,0,0,0,0,0,1.0,0,1,0,1,1,1.0,,4.0,
115,67,108385,1.0,1,1,1,1,1,1.0,1,1,1,1,1,1.0,,3.0,
116,68,108386,1.0,0,0,1,0,0,1.0,0,1,1,1,1,1.0,,5.0,
117,69,108387,1.0,1,1,1,1,1,1.0,1,1,1,1,1,1.0,,4.0,
118,70,108388,1.0,1,1,1,1,1,1.0,1,1,1,1,1,1.0,,2.0,
119,71,108391,1.0,1,1,1,0,1,1.0,1,1,0,1,1,1.0,,2.0,
120,72,108393,1.0,1,0,1,1,1,1.0,1,0,1,1,0,1.0,,2.0,
121,73,108395,1.0,1,1,1,1,1,1.0,1,1,1,1,1,1.0,,5.0,
122,74,108396,1.0,1,1,1,1,1,1.0,1,1,1,1,1,1.0,,5.0,
123,75,108400,1.0,0,0,0,1,1,1.0,1,0,1,1,1,1.0,,4.0,
124,76,108401,1.0,1,1,1,1,1,1.0,1,1,1,1,1,1.0,,3.0,
125,77,108428,1.0,0,0,0,0,0,0.0,0,0,0,0,0,0.0,,1.0,
126,78,108430,1.0,0,1,1,0,0,0.0,0,0,0,0,0,0.0,,1.0,
127,79,108431,1.0,0,1,1,0,0,0.0,0,0,0,0,0,0.0,,1.0,
128,80,108432,1.0,0,1,1,0,1,1.0,0,0,0,0,0,0.0,,1.0,
129,81,108434,1.0,0,0,0,0,0,0.0,0,0,0,0,0,,,3.0,
130,82,108436,1.0,0,0,0,0,0,0.0,0,0,0,0,0,,,5.0,
131,83,108437,1.0,0,0,0,0,0,0.0,0,0,0,0,0,,,2.0,
132,84,108439,1.0,0,0,0,0,0,0.0,0,0,0,0,0,,,5.0,
133,85,108447,1.0,1,1,1,1,1,1.0,0,0,0,0,0,0.0,,3.0,
134,86,108451,1.0,1,1,1,1,1,1.0,1,1,1,1,1,1.0,,3.0,
135,87,108452,1.0,1,1,1,1,1,1.0,0,1,1,1,1,1.0,,3.0,
136,88,108470,1.0,1,1,1,1,1,1.0,1,1,1,1,1,1.0,,3.0,
137,89,108504,1.0,1,1,1,1,1,1.0,1,1,1,1,1,1.0,,2.0,
138,90,108506,1.0,1,1,0,0,1,1.0,1,1,1,1,1,1.0,,4.0,
139,91,108507,1.0,1,1,1,1,1,1.0,0,1,1,1,1,1.0,,2.0,
140,92,108509,1.0,0,0,1,1,1,1.0,1,0,1,0,1,1.0,,1.0,
141,93,108510,1.0,0,0,0,1,1,1.0,0,1,1,1,1,1.0,,2.0,
142,94,108511,1.0,0,1,1,0,0,1.0,1,1,0,1,0,1.0,,1.0,
143,95,108512,1.0,1,1,1,1,1,1.0,1,1,1,1,1,1.0,,3.0,
144,96,108513,1.0,0,1,1,1,1,1.0,0,1,1,1,1,1.0,,2.0,
145,97,108514,1.0,1,1,1,1,1,1.0,1,1,1,1,1,1.0,,3.0,
146,98,108515,1.0,0,1,0,1,1,1.0,0,0,0,0,0,0.0,,1.0,
147,0,108516,1.0,0,0,0,0,0,1.0,0,0,0,0,0,1.0,,3.0,
148,100,108517,1.0,1,1,1,1,1,1.0,1,1,1,1,0,1.0,,3.0,
149,101,108518,1.0,1,1,1,1,0,1.0,1,1,1,1,1,1.0,,,
150,102,108582,1.0,1,1,1,1,1,1.0,0,0,0,0,0,1.0,,4.0,
151,103,108593,1.0,0,0,1,1,1,1.0,1,1,1,1,1,1.0,,1.0,
152,104,108601,1.0,1,1,1,1,1,1.0,1,1,1,1,1,1.0,,2.0,
153,105,108603,1.0,0,1,1,1,1,1.0,1,1,1,1,1,1.0,,1.0,
154,106,108604,1.0,1,1,1,1,1,1.0,1,1,1,1,1,1.0,,2.0,
155,107,108618,1.0,1,1,1,1,1,1.0,1,1,1,1,1,1.0,,3.0,
156,108,108619,1.0,1,1,1,1,1,1.0,1,1,1,1,1,1.0,,4.0,
157,109,108620,1.0,1,0,1,0,1,1.0,1,1,1,1,1,1.0,,4.0,
158,110,108621,1.0,1,0,1,0,1,1.0,1,0,0,1,0,1.0,,4.0,
159,111,108623,1.0,1,1,1,1,1,1.0,1,1,1,1,1,1.0,,4.0,
160,112,108624,1.0,0,1,1,1,1,1.0,1,1,1,1,1,1.0,,3.0,
161,113,108625,1.0,1,1,1,0,0,0.0,0,0,0,0,0,0.0,,3.0,
162,114,108626,1.0,0,0,0,0,0,0.0,1,1,1,1,1,1.0,,2.0,
163,115,108627,1.0,1,1,1,1,1,1.0,1,1,1,1,1,1.0,,3.0,
164,116,108667,1.0,0,0,0,0,0,0.0,0,0,0,0,0,,,3.0,
165,117,108669,1.0,0,0,0,0,0,0.0,0,0,0,0,0,,,5.0,
166,118,108671,1.0,0,0,0,0,0,0.0,0,0,0,0,0,,,3.0,
167,119,108672,1.0,0,0,0,0,0,0.0,0,0,0,0,0,,,2.0,
168,120,108673,1.0,0,1,1,0,0,0.0,0,0,0,0,0,,,1.0,
169,121,108674,1.0,0,0,0,0,0,0.0,0,0,0,0,0,,,3.0,
170,122,108675,1.0,0,0,0,0,0,0.0,0,0,0,0,0,,,2.0,
171,123,108676,1.0,0,0,0,0,0,0.0,0,0,0,0,0,,,4.0,
172,124,108677,1.0,0,0,0,0,0,0.0,0,0,0,0,0,,,3.0,
173,125,108678,1.0,0,0,0,0,0,0.0,0,0,0,0,0,,,5.0,
174,126,108680,1.0,0,0,0,0,0,0.0,0,0,0,0,0,,,3.0,
175,127,108681,1.0,0,0,0,0,0,0.0,0,0,0,0,0,,,3.0,
176,128,108684,1.0,1,1,1,1,1,1.0,1,1,1,1,1,1.0,,3.0,
177,129,108685,1.0,0,1,1,1,1,1.0,1,1,1,1,1,1.0,,1.0,
178,130,108686,1.0,1,1,1,1,1,1.0,1,1,1,1,1,1.0,,3.0,
179,131,108688,1.0,1,1,1,1,1,1.0,1,1,1,1,1,1.0,,2.0,
180,132,108689,1.0,0,1,1,1,1,1.0,1,1,1,0,0,1.0,,3.0,
181,133,108690,1.0,1,1,1,0,1,1.0,1,1,1,1,1,1.0,,3.0,
182,134,108691,1.0,0,1,1,1,1,1.0,1,1,1,1,1,1.0,,1.0,
183,135,108692,0.0,0,0,0,0,0,0.0,0,0,0,0,0,,,3.0,
184,136,108693,1.0,1,1,1,1,1,1.0,1,1,1,1,1,1.0,,3.0,
185,137,108694,1.0,0,0,0,0,0,1.0,1,0,0,0,0,,,5.0,
186,138,108697,1.0,0,0,0,0,0,1.0,0,0,1,0,0,0.0,,4.0,
187,139,108698,1.0,0,0,1,0,0,1.0,0,0,0,0,0,,,3.0,
188,140,108726,1.0,1,1,0,1,1,1.0,1,0,1,1,0,1.0,,3.0,
189,141,108757,1.0,0,1,1,1,1,1.0,1,1,1,1,1,1.0,,1.0,
190,142,108758,1.0,0,0,0,0,0,1.0,0,1,0,1,1,1.0,,3.0,
191,143,108760,1.0,0,0,0,0,0,1.0,0,1,0,1,1,1.0,,5.0,
192,144,108762,1.0,0,0,0,0,0,1.0,0,1,0,1,1,1.0,,3.0,
193,145,108763,1.0,0,0,0,0,0,1.0,0,1,0,1,1,1.0,,2.0,
194,146,108764,1.0,0,0,0,0,0,1.0,0,1,0,1,1,1.0,,2.0,
195,147,108765,1.0,0,1,1,1,1,1.0,1,1,1,1,1,1.0,,1.0,
196,148,108770,1.0,0,0,0,0,0,1.0,0,0,0,0,0,,,1.0,
197,149,108772,1.0,1,1,1,1,1,1.0,0,0,0,1,1,1.0,,3.0,
198,150,108773,1.0,0,0,1,0,1,1.0,1,1,1,1,1,1.0,,2.0,
199,151,108775,1.0,0,1,1,1,1,1.0,1,1,1,1,1,1.0,,1.0,
200,152,108776,1.0,1,1,1,1,1,1.0,1,1,1,1,1,1.0,,2.0,
201,153,108777,1.0,0,0,1,1,1,1.0,1,1,1,1,1,1.0,,1.0,
202,154,108778,1.0,1,1,0,1,0,1.0,1,1,1,1,1,1.0,,2.0,
203,155,108779,1.0,1,1,1,1,1,1.0,1,1,1,1,0,1.0,,3.0,
204,156,108781,1.0,0,1,1,1,1,1.0,1,1,0,1,1,1.0,,1.0,
205,157,108782,1.0,0,1,1,1,1,1.0,0,0,0,0,0,0.0,,1.0,
206,158,108783,1.0,1,1,1,1,0,1.0,1,1,1,1,1,1.0,,2.0,
207,159,108784,1.0,0,0,0,1,1,1.0,1,1,1,0,1,1.0,,3.0,
208,160,108785,1.0,0,1,1,1,1,1.0,1,1,1,1,1,1.0,,1.0,
209,161,108787,1.0,0,0,0,0,0,1.0,0,1,0,1,1,1.0,,2.0,
210,162,108792,1.0,0,0,0,0,0,1.0,0,1,0,1,1,1.0,,3.0,
211,163,108794,1.0,1,1,1,1,0,1.0,0,1,1,0,0,1.0,,3.0,
212,164,108803,1.0,0,0,0,1,0,0.0,0,0,0,0,0,,,1.0,
213,165,108889,1.0,1,1,1,1,1,1.0,1,1,1,1,1,1.0,,3.0,
214,166,108891,1.0,1,1,1,1,1,1.0,1,1,1,1,1,1.0,,3.0,
215,167,108900,1.0,0,0,0,0,0,1.0,0,0,1,0,1,1.0,,3.0,
216,168,108906,1.0,1,1,1,1,1,1.0,1,1,1,1,1,1.0,,2.0,
217,169,108907,1.0,1,1,1,1,1,1.0,1,1,1,1,1,1.0,,3.0,
218,170,108909,1.0,1,1,0,1,1,1.0,1,1,1,1,1,1.0,,5.0,
219,171,108910,1.0,1,1,1,1,1,1.0,1,1,1,1,1,1.0,,2.0,
220,172,108911,1.0,1,1,1,1,1,1.0,1,1,1,1,1,1.0,,3.0,
221,173,108912,1.0,1,1,1,1,1,1.0,1,1,1,1,1,1.0,,2.0,
222,174,108937,1.0,0,0,0,0,0,0.0,0,0,0,0,0,0.0,,5.0,
223,175,108949,1.0,0,0,0,0,0,0.0,0,0,0,0,0,,,3.0,
224,176,108951,1.0,0,0,0,0,0,0.0,0,0,0,0,0,,,3.0,
225,177,108954,1.0,0,0,0,0,0,0.0,0,0,0,0,0,,,4.0,
226,178,108955,1.0,0,0,0,0,0,0.0,0,0,0,0,0,,,2.0,
227,179,108957,1.0,0,0,0,0,0,0.0,0,0,0,0,0,,,2.0,
228,180,108962,1.0,0,1,1,0,0,0.0,0,0,0,0,0,,,1.0,
229,181,108963,1.0,0,0,0,0,0,0.0,0,0,0,0,0,,,4.0,
230,182,108964,1.0,0,0,0,0,0,0.0,0,0,0,0,0,,,2.0,
231,183,108966,1.0,0,1,1,0,0,0.0,0,0,0,0,0,,,1.0,
232,184,108967,1.0,0,1,1,0,0,0.0,0,0,0,0,0,,,1.0,
233,185,108971,1.0,0,0,0,0,0,0.0,0,0,0,0,0,,,3.0,
234,186,108973,1.0,0,0,0,0,0,0.0,0,0,0,0,0,,,3.0,
235,187,108974,1.0,0,1,1,0,0,0.0,0,0,0,0,0,,,1.0,
236,188,108975,1.0,0,0,0,0,0,0.0,0,0,0,0,0,,,2.0,
237,189,108976,1.0,0,0,0,0,0,0.0,0,0,0,0,0,,,5.0,
238,190,108978,1.0,0,1,1,0,0,0.0,0,0,0,0,0,,,1.0,
239,191,108981,1.0,0,0,0,0,0,0.0,0,0,0,0,0,,,5.0,
240,192,108982,1.0,0,0,1,0,0,0.0,0,0,0,0,0,,,1.0,
241,193,108983,1.0,0,0,0,0,0,0.0,0,0,0,0,0,,,3.0,
242,194,108984,1.0,0,0,0,0,0,0.0,0,0,0,0,0,,,2.0,
243,195,108985,1.0,0,0,0,0,0,0.0,0,0,0,0,0,,,5.0,
244,196,108986,1.0,0,0,1,0,0,0.0,0,0,0,0,0,,,1.0,
245,197,108987,1.0,0,0,0,0,0,0.0,0,0,0,0,0,,,2.0,
246,198,108988,1.0,0,0,0,0,0,0.0,0,0,0,0,0,,,2.0,
247,199,108989,1.0,0,0,0,0,0,0.0,0,0,0,0,0,,,2.0,
248,200,108991,1.0,0,0,0,0,0,0.0,0,0,0,0,0,,,2.0,
249,201,108992,1.0,0,0,0,0,0,0.0,0,0,0,0,0,,,4.0,
250,202,108993,1.0,0,0,1,0,0,0.0,0,0,0,0,0,,,1.0,
251,203,108995,1.0,0,0,0,0,0,0.0,0,0,0,0,0,,,2.0,
252,204,109025,1.0,0,0,0,0,0,0.0,0,0,0,0,0,,,2.0,
253,206,109184,1.0,0,1,1,1,1,1.0,1,1,1,1,1,1.0,,1.0,
254,0,111467,1.0,0,0,0,0,1,1.0,0,0,0,0,0,0.0,,5.0,W7mLA5Oj60d2N6n1
255,1,111468,1.0,1,1,1,1,1,1.0,1,1,1,1,1,1.0,,5.0,qRZK2gE5zdYAbdka
256,2,111470,1.0,0,0,0,0,0,1.0,0,0,0,0,0,1.0,,2.0,3YVN2MBw3aE9bRn5
257,3,111471,1.0,0,1,1,1,1,1.0,1,1,1,1,1,1.0,,1.0,5nJ4Apjq6w42G3kx
258,4,111472,1.0,0,1,1,1,1,1.0,1,0,1,1,1,1.0,,1.0,ybDaoyd0jKZAQdvY
259,5,111473,1.0,0,0,0,0,0,1.0,0,1,1,1,1,1.0,,2.0,VXGWAkX43XyovNZ0
260,6,111474,1.0,0,1,1,1,1,1.0,1,1,1,1,1,1.0,,1.0,W7mLA5804Ga9N6n1
261,7,111475,1.0,0,1,1,1,1,1.0,1,1,1,1,1,1.0,,1.0,JkVd2n6DK8m2nLDq
262,8,111477,0.0,0,0,0,0,0,1.0,0,0,0,0,0,0.0,,1.0,YXrqo48YG1roMZdm
263,9,111478,1.0,0,0,0,0,0,0.0,0,0,0,0,0,0.0,,3.0,YXrqo4XOM6xoMZdm
264,10,111480,1.0,1,0,1,1,1,1.0,1,0,1,1,1,1.0,,5.0,JkVd2nXmXEkAnLDq
265,11,111481,1.0,0,1,1,1,1,1.0,1,1,1,1,0,1.0,,4.0,YXrqo4810JVoMZdm
266,12,111482,1.0,0,0,0,0,0,1.0,0,0,1,1,1,1.0,,2.0,VXGWAkWJavDAvNZ0
267,13,111483,1.0,1,1,1,1,1,1.0,1,1,1,1,1,1.0,,2.0,LDen9KLNag7AElVw
268,14,111484,1.0,1,1,1,1,1,1.0,1,1,1,0,1,1.0,,4.0,Elb8AvBwLeJApLX5
269,15,111485,1.0,1,1,1,1,1,1.0,1,1,1,1,1,1.0,,3.0,zExm2J5mJYro6PyK
270,16,111486,1.0,0,0,0,0,0,1.0,0,0,0,0,0,1.0,,2.0,j1Le2D8vjrr2xEOy
271,17,111487,1.0,0,1,1,1,1,1.0,1,1,1,0,0,1.0,,2.0,Yxq827lbrqa9MWZ0
272,18,111488,1.0,0,1,1,1,1,1.0,1,0,1,1,1,1.0,,1.0,nKY7owOYJ6noG3v4
273,19,111489,1.0,1,1,1,1,1,1.0,1,1,1,1,1,1.0,,2.0,LDen9KnVR4Q2ElVw
274,20,111490,1.0,1,1,0,0,1,1.0,0,0,0,1,1,1.0,,3.0,gJdBAExazgY9bz5P
275,21,111491,1.0,0,0,0,0,0,1.0,0,0,0,0,0,1.0,,3.0,JLQkAYXbJxR9OeDG
276,22,111492,1.0,1,1,1,1,1,1.0,1,1,1,1,1,1.0,,2.0,YXrqo48GzvGoMZdm
277,23,111493,1.0,0,0,0,0,0,1.0,0,0,0,0,0,1.0,,2.0,qRZK2gE4pxWAbdka
278,24,111494,1.0,0,1,1,1,1,1.0,1,1,1,1,0,1.0,,2.0,JLQkAYXbKxK9OeDG
279,25,111495,1.0,1,1,1,1,1,1.0,1,1,1,1,1,1.0,,2.0,W7mLA5JgWwaoN6n1
280,26,111496,1.0,0,1,1,1,1,1.0,1,1,1,0,1,1.0,,1.0,kqPlARm3adp9WndY
281,27,111497,1.0,0,0,1,0,1,1.0,0,1,1,1,1,0.0,,1.0,xgOVA1JNjpkoelJ1
282,28,111498,1.0,1,0,1,1,0,1.0,1,1,1,1,0,1.0,,3.0,JLQkAYXb7bv9OeDG
283,29,111500,1.0,1,1,1,1,1,1.0,0,1,1,1,1,1.0,,3.0,nKY7owOYjWdoG3v4
284,30,111501,1.0,1,1,1,1,1,1.0,1,1,1,1,1,1.0,,2.0,xgOVA1geOWO2elJ1
285,31,111503,1.0,0,1,1,0,0,0.0,0,0,0,0,0,0.0,,1.0,lzD49LX3YL193Vr8
286,32,111504,1.0,1,1,1,1,1,1.0,1,1,1,1,1,1.0,,2.0,5nJ4ApEBRkeoG3kx
287,33,111505,1.0,1,1,1,1,1,1.0,1,1,1,1,1,1.0,,5.0,yNedoamZ5b5oMEjw
288,34,111507,1.0,1,1,1,1,1,1.0,1,1,1,1,1,1.0,,3.0,W7mLA5Omw5O2N6n1
289,35,111510,1.0,1,1,1,1,1,1.0,1,1,1,0,1,1.0,,2.0,p3MN234R1DP9l1ag
290,36,111511,1.0,1,1,1,1,1,1.0,1,1,1,1,1,1.0,,3.0,Vj6N985QYdbA8drl
291,37,111512,1.0,0,0,0,0,0,1.0,0,0,0,0,0,1.0,,3.0,nKY7owODOR7oG3v4
292,38,111513,1.0,0,0,0,0,0,1.0,0,0,0,0,0,1.0,,2.0,JkVd2njYMpg2nLDq
293,39,111515,1.0,0,1,0,0,0,1.0,1,1,0,1,0,1.0,,2.0,Elb8AvBEgB6ApLX5
294,40,111518,1.0,0,1,1,1,0,1.0,1,1,1,1,1,1.0,,1.0,Vj6N98wwvk128drl
295,41,111522,1.0,1,1,1,1,1,1.0,1,1,1,1,1,1.0,,3.0,jnWOo0BePYV9Xzex
296,42,111523,1.0,0,1,1,1,1,1.0,1,1,1,1,1,1.0,,1.0,j1Le2D6jaX3AxEOy
297,43,111527,1.0,1,1,1,1,1,1.0,1,1,1,1,1,1.0,,2.0,xgOVA1gzDMg2elJ1
298,44,111535,1.0,1,1,1,1,1,1.0,1,1,1,1,1,1.0,,4.0,81K7AmX1l8Z9ZmyO
299,45,111562,1.0,0,1,1,1,1,1.0,1,1,1,1,1,1.0,,1.0,vGWjoqnNXZ82zDOX
300,46,111566,1.0,0,1,0,1,1,1.0,1,0,0,0,0,1.0,,1.0,D5je9bGEdLMARMYl
301,47,111572,1.0,0,1,1,1,1,1.0,1,1,1,1,1,1.0,,1.0,81K7AmY10XGAZmyO
302,48,111574,1.0,1,1,1,1,1,1.0,1,1,1,1,1,1.0,,4.0,Yxq827dJ7Zb9MWZ0
303,49,111575,1.0,0,0,0,1,0,1.0,0,0,0,0,0,1.0,,2.0,xgOVA15w3RKAelJ1
304,50,111576,1.0,0,0,0,1,1,1.0,0,0,1,1,0,1.0,,4.0,Vw142rv6vOk2aNPX
305,51,111577,1.0,1,1,1,1,1,1.0,0,1,1,1,1,1.0,,2.0,VXGWAkjOBkv9vNZ0
306,52,111578,1.0,1,1,1,1,1,1.0,1,1,1,1,1,1.0,,4.0,GLPp2OX1vrB903ym
307,53,111579,1.0,0,0,1,1,1,1.0,1,1,1,1,1,0.0,,4.0,ybDaoy366mR9QdvY
308,54,111580,1.0,0,1,0,1,1,1.0,1,0,0,0,0,1.0,,2.0,3YVN2MXmPnYobRn5
309,55,111581,1.0,0,0,0,0,1,1.0,1,1,0,1,1,1.0,,3.0,nKY7owOzv8LoG3v4
310,56,111582,1.0,1,1,1,1,1,1.0,1,1,1,1,1,1.0,,3.0,vGWjoqnGJ0v2zDOX
311,57,111583,1.0,0,0,0,0,0,1.0,0,0,0,0,0,1.0,,2.0,GLPp2OXZMmp903ym
312,58,111584,1.0,1,1,1,1,1,1.0,1,1,1,1,1,1.0,,5.0,jYWQA6PyNLW2PXKz
313,59,111585,1.0,0,1,0,1,0,1.0,1,1,0,0,1,1.0,,3.0,JLQkAYq75vVAOeDG
314,60,111586,1.0,0,0,1,1,1,1.0,1,0,1,1,1,1.0,,5.0,xgOVA18D5Vg9elJ1
315,61,111587,1.0,0,1,1,1,1,1.0,1,1,1,1,1,1.0,,1.0,mKPv9zwky5KAyWe7
316,62,111588,1.0,0,0,1,0,0,1.0,0,0,1,0,0,1.0,,3.0,3YVN2MXjeewobRn5
317,63,111589,1.0,0,1,1,1,1,1.0,1,0,1,1,1,1.0,,5.0,EZ8qoxMeYNq26JVW
318,64,111590,1.0,0,1,1,1,1,1.0,1,1,1,1,1,1.0,,3.0,yNedoaQ3dMloMEjw
319,65,111591,1.0,0,1,1,1,1,1.0,1,1,1,1,1,1.0,,3.0,NaBzABEjvY39YyVM
320,66,111592,1.0,1,1,1,1,1,1.0,1,1,1,1,1,1.0,,4.0,D5je9bGDDQgARMYl
321,67,111593,1.0,0,0,0,1,0,1.0,1,0,0,0,0,1.0,,3.0,5nJ4Apj68kw2G3kx
322,68,111595,1.0,0,1,1,1,1,1.0,1,1,1,1,1,1.0,,1.0,jnWOo08G1pqoXzex
323,69,111596,1.0,0,0,0,0,1,1.0,0,0,0,0,0,0.0,,3.0,LDen9Kn4QvQ2ElVw
324,70,111597,1.0,0,1,1,1,0,1.0,1,0,1,1,0,1.0,,1.0,3YVN2MBV67p9bRn5
325,71,111598,1.0,1,1,1,1,1,1.0,1,1,1,1,1,1.0,,2.0,gJdBAE8n1Ba9bz5P
326,72,111599,1.0,1,1,1,1,1,1.0,1,0,1,1,1,1.0,,3.0,jnWOo0RPD8m9Xzex
327,73,111601,1.0,1,1,1,1,1,1.0,1,1,1,1,1,1.0,,3.0,lzD49L4RWVk93Vr8
328,74,111602,1.0,1,1,1,1,1,1.0,1,1,1,0,1,1.0,,3.0,xgOVA1OndMg2elJ1
329,75,111603,1.0,1,1,1,1,1,1.0,1,1,1,1,1,1.0,,3.0,jnWOo0RPwNW9Xzex
330,76,111605,1.0,1,1,1,1,1,1.0,1,1,1,1,1,1.0,,3.0,zExm2JgE74N96PyK
331,77,111610,1.0,0,1,1,1,1,1.0,1,1,1,1,1,1.0,,1.0,gJdBAEYaNjQAbz5P
332,78,111611,1.0,1,1,1,1,1,1.0,0,1,1,1,1,1.0,,3.0,wLxz2lXdmMz2kVj8
333,79,111632,1.0,1,1,1,1,1,1.0,1,1,1,1,1,1.0,,3.0,NaBzABQ5O0r9YyVM
334,80,111633,1.0,0,1,1,1,1,1.0,1,1,1,1,1,1.0,,1.0,qRZK2gEjME8Abdka
335,81,111636,1.0,1,1,1,1,1,1.0,1,1,1,1,1,1.0,,2.0,NaBzABEBaER9YyVM
336,82,111637,1.0,0,0,0,0,1,1.0,0,0,0,0,0,1.0,,5.0,Vj6N98wRJk128drl
337,83,111638,1.0,1,1,1,1,1,1.0,1,1,1,0,1,1.0,,3.0,W7mLA53Qjxp2N6n1
338,84,111639,1.0,0,0,1,1,1,1.0,1,1,1,1,1,1.0,,5.0,LDen9KL3vOQAElVw
339,85,111640,1.0,0,1,1,1,1,1.0,1,1,1,1,1,1.0,,1.0,81K7AmbwNB3oZmyO
340,86,111641,1.0,0,0,0,0,0,1.0,0,0,0,0,0,0.0,,1.0,VXGWAkjxVdy9vNZ0
341,87,111642,1.0,0,0,0,0,0,1.0,0,0,0,0,0,1.0,,4.0,QGYe2jGlYm59grXp
342,88,111643,1.0,1,1,1,1,1,1.0,1,1,1,1,1,1.0,,3.0,JLQkAYXJ3N49OeDG
343,89,111645,1.0,1,1,1,1,1,1.0,0,0,0,0,1,1.0,,2.0,GLPp2O51B4KA03ym
344,90,111646,1.0,1,0,0,1,1,1.0,0,0,1,1,1,1.0,,4.0,gJdBAE83xLQ9bz5P
345,91,111647,1.0,0,1,1,1,1,1.0,1,1,1,1,1,1.0,,1.0,YXrqo48PWnDoMZdm
346,92,111648,1.0,0,0,1,1,1,1.0,1,1,0,1,1,1.0,,3.0,YXrqo4XLpxgoMZdm
347,93,111651,1.0,0,1,1,1,1,1.0,1,1,1,1,1,1.0,,1.0,YXrqo4VZVgg9MZdm
348,94,111654,1.0,0,0,0,1,1,1.0,1,1,1,1,1,1.0,,1.0,GlMq9ebm88aADpXY
349,95,111655,1.0,1,1,0,1,1,1.0,1,1,1,1,1,1.0,,3.0,81K7AmXM8k39ZmyO
350,96,111656,0.0,0,0,0,0,0,0.0,0,0,0,0,0,0.0,,2.0,81K7AmpqEW69ZmyO
351,97,111662,1.0,1,1,1,1,1,1.0,1,1,1,1,1,1.0,,2.0,ybDaoyXdpxdAQdvY
352,98,111663,1.0,0,1,1,1,1,1.0,1,1,1,1,1,1.0,,1.0,nKY7owV6kvYAG3v4
353,0,111675,1.0,1,1,1,1,1,1.0,0,1,1,0,0,1.0,,5.0,Elb8AvX1vEe2pLX5
354,100,111677,1.0,1,1,1,1,1,1.0,1,1,1,1,1,1.0,,2.0,YXrqo4Bx0xx9MZdm
355,101,111708,1.0,0,0,0,1,0,1.0,1,0,0,0,0,1.0,,3.0,JLQkAYXa6Xv9OeDG
356,102,111710,1.0,0,0,0,1,1,1.0,1,1,1,1,0,1.0,,1.0,xgOVA18PnjR9elJ1
357,103,111711,1.0,1,1,1,1,1,1.0,1,1,1,1,1,1.0,,2.0,Elb8AvBQLrkApLX5
358,104,111712,1.0,1,1,0,1,1,1.0,1,1,1,1,1,1.0,,4.0,3YVN2MBm3Z59bRn5
359,105,111713,1.0,0,0,1,0,0,1.0,1,1,0,0,1,1.0,,1.0,Yxq827lLGaN9MWZ0
360,106,111714,1.0,0,0,0,0,0,1.0,0,0,0,0,0,1.0,,3.0,Elb8AvXKYGp2pLX5
361,107,111715,1.0,0,1,1,1,1,1.0,1,1,1,1,1,1.0,,1.0,GQq8AVlXk6m2lWZ3
362,108,111716,1.0,0,0,0,0,0,1.0,0,0,0,0,0,1.0,,2.0,xgOVA18PnjR9elJ1
363,109,111717,1.0,1,1,0,1,1,1.0,1,0,0,0,0,1.0,,2.0,NaBzAB0WQ7R2YyVM
364,110,111718,1.0,1,1,1,0,1,1.0,1,1,1,1,1,1.0,,5.0,JLQkAYXMwmK9OeDG
365,111,111719,1.0,0,0,0,0,1,1.0,1,1,1,0,0,1.0,,1.0,Elb8AvXpYeJ2pLX5
366,112,111720,1.0,1,0,1,1,1,1.0,1,1,0,1,1,1.0,,2.0,jnWOo08VbNmoXzex
367,113,111721,1.0,0,1,1,1,1,1.0,1,1,1,1,1,1.0,,1.0,vGWjoqjbJP82zDOX
368,114,111722,1.0,0,1,1,1,1,1.0,1,1,1,1,1,1.0,,2.0,LDen9KLN43NAElVw
369,115,111723,1.0,0,0,1,0,1,1.0,1,0,1,1,0,1.0,,1.0,Vj6N98gEQqG28drl
370,116,111729,1.0,0,1,1,1,1,1.0,1,1,0,1,1,1.0,,1.0,Vj6N98wP05N28drl
371,117,111733,1.0,1,1,1,1,1,1.0,1,1,1,1,1,1.0,,5.0,jnWOo0XZPW6oXzex
372,118,111734,1.0,1,1,1,1,0,1.0,1,0,1,1,1,1.0,,4.0,lzD49LXmX3e93Vr8
373,119,111735,1.0,0,0,0,1,1,1.0,0,1,0,1,1,1.0,,3.0,W7mLA58zGgL9N6n1
374,120,111737,1.0,1,1,1,1,1,1.0,1,0,1,1,1,1.0,,2.0,5nJ4Ap5MLnRoG3kx
375,121,111738,1.0,0,0,0,0,1,1.0,1,1,0,0,1,1.0,,5.0,RWLV2ZbpM3525vN3
376,122,111739,1.0,0,1,1,1,1,1.0,1,1,1,1,1,1.0,,2.0,yNedoaz4KKK2MEjw
377,123,111740,1.0,0,0,0,0,0,1.0,0,1,1,1,1,1.0,,3.0,QGYe2jXwR3JAgrXp
378,124,111741,1.0,0,0,0,0,0,1.0,0,0,0,0,0,1.0,,4.0,xgOVA156kyRAelJ1
379,125,111742,1.0,1,1,1,1,1,1.0,1,1,1,1,1,1.0,,3.0,Yxq827djM5b9MWZ0
380,126,111743,1.0,0,1,1,1,1,1.0,1,1,1,1,1,1.0,,5.0,BdVOAGX41wpo68JL
381,127,111745,1.0,1,1,1,1,1,1.0,1,1,1,1,1,1.0,,4.0,Vw142rvB6mb2aNPX
382,128,111746,1.0,1,1,1,1,0,1.0,1,1,1,0,1,1.0,,4.0,lzD49L4MG0e93Vr8
383,129,111747,1.0,0,0,1,1,1,1.0,1,0,1,0,0,1.0,,3.0,BdVOAGxP0NEo68JL
384,130,111751,1.0,1,1,1,0,1,1.0,1,1,1,1,1,1.0,,3.0,GLPp2OpXGXZ903ym
385,131,111757,1.0,1,1,1,1,1,1.0,1,1,1,1,1,1.0,,2.0,aX8boPk66GkAOJrM
386,132,111761,1.0,0,0,0,0,0,1.0,0,0,0,0,0,1.0,,2.0,mKPv9zwkgb4AyWe7
387,133,111765,1.0,1,1,1,1,1,1.0,1,1,1,1,1,1.0,,5.0,GLPp2OXxpqD903ym
388,134,111766,1.0,0,0,0,0,0,1.0,1,1,0,1,1,0.0,,2.0,EZ8qoxjDeWQ96JVW
389,135,111778,1.0,0,0,1,1,1,1.0,1,1,1,1,1,1.0,,3.0,YXrqo4Zb5EV9MZdm
390,136,111789,1.0,1,1,1,1,1,1.0,1,1,1,0,1,1.0,,3.0,5YwxodbVwMX9Oylz
391,137,111824,1.0,1,1,1,1,1,1.0,1,1,1,1,0,1.0,,2.0,nKY7owGj3P3oG3v4
392,138,111825,1.0,1,1,1,0,0,1.0,1,0,1,1,1,1.0,,3.0,5Ywxodbjjav9Oylz
393,139,111827,1.0,0,1,1,1,1,1.0,1,1,1,1,1,1.0,,1.0,yNedoazrJgM2MEjw
394,140,111828,1.0,0,1,1,1,1,1.0,1,1,1,0,0,1.0,,1.0,5Ywxodj1YPQ9Oylz
395,141,111829,1.0,0,1,1,0,0,1.0,1,0,1,1,1,1.0,,1.0,5nJ4ApEjL44oG3kx
396,142,111830,1.0,1,1,1,1,1,1.0,1,1,1,1,1,1.0,,2.0,XNdYoQe8wyQoWq1r
397,143,111831,1.0,0,0,0,1,0,1.0,1,0,0,0,0,1.0,,2.0,nKY7owO8Qw8oG3v4
398,144,111832,1.0,0,1,1,1,1,1.0,1,1,1,1,1,1.0,,2.0,LDen9KrlB6y2ElVw
399,145,111833,1.0,0,0,0,1,0,1.0,1,0,0,0,0,0.0,,1.0,p3MN235k8O4Al1ag
400,146,111834,1.0,0,1,1,1,1,1.0,1,1,1,1,1,1.0,,1.0,qRZK2gjgB7yobdka
401,147,111835,1.0,1,1,1,1,1,1.0,1,1,1,1,1,1.0,,3.0,Dg7LANXkg7v2zm8y
402,148,111836,1.0,1,1,1,1,1,1.0,1,1,1,1,1,1.0,,2.0,Dg7LANXYkdb2zm8y
403,149,111837,1.0,1,1,1,1,1,1.0,1,1,1,1,1,1.0,,5.0,5nJ4Apj04542G3kx
404,150,111844,1.0,1,1,0,1,1,1.0,1,1,1,1,1,1.0,,3.0,GlMq9eXGMBV2DpXY
405,151,111847,1.0,0,0,1,1,1,1.0,1,1,1,1,0,1.0,,1.0,D5je9bXmPg7oRMYl
406,152,111859,1.0,1,1,1,1,1,1.0,1,1,1,1,1,1.0,,2.0,VXGWAkXBZbOovNZ0
407,153,111866,1.0,0,1,1,1,1,1.0,1,0,0,0,0,0.0,,1.0,3YVN2MBZKjN9bRn5
408,154,111877,1.0,1,1,1,1,1,1.0,1,0,1,1,1,1.0,,3.0,EZ8qox1YddQ26JVW
409,155,111878,1.0,1,1,1,1,1,1.0,1,0,1,1,1,1.0,,3.0,Yxq827vYZBBoMWZ0
410,156,111882,1.0,0,0,0,0,0,1.0,0,0,0,0,0,1.0,,5.0,XNdYoQerZXyoWq1r
411,157,111952,1.0,0,1,0,0,0,1.0,0,0,1,0,0,1.0,,4.0,LDen9KLXxY3AElVw
412,158,111955,1.0,0,1,1,1,0,1.0,1,1,1,1,1,1.0,,1.0,jnWOo0RLlaX9Xzex
413,159,111980,1.0,0,1,1,1,1,1.0,1,1,1,1,1,1.0,,1.0,5Ywxodj8qmX9Oylz
414,160,111981,1.0,1,1,1,1,1,1.0,1,1,1,1,1,1.0,,4.0,aX8boPlRYy0oOJrM
415,161,111986,1.0,0,0,0,0,1,1.0,0,1,0,0,0,1.0,,1.0,p3MN2343MEB9l1ag
416,162,111987,1.0,1,1,1,1,1,1.0,1,1,1,1,1,1.0,,2.0,RWLV2Z0O1qJA5vN3
417,163,111988,1.0,0,0,0,0,1,1.0,0,1,1,1,1,1.0,,3.0,jnWOo08gWgmoXzex
418,164,111989,1.0,1,0,0,1,0,1.0,0,0,0,1,0,1.0,,2.0,Elb8AvBEmReApLX5
419,165,111990,1.0,1,1,1,1,1,1.0,1,1,1,1,1,1.0,,5.0,mKPv9zwXQMNAyWe7
420,166,111991,1.0,0,1,1,1,1,1.0,1,1,0,1,1,1.0,,1.0,ybDaoyX3DlZAQdvY
421,167,111992,1.0,1,1,1,1,1,1.0,1,1,1,1,1,1.0,,3.0,jYWQA6pMMrJ2PXKz
422,168,111994,1.0,0,0,0,0,0,1.0,0,0,1,0,0,1.0,,3.0,Vj6N98wRJVw28drl
423,169,112009,1.0,1,1,1,0,1,1.0,1,1,1,1,1,1.0,,2.0,3YVN2MBNlkV9bRn5
424,170,112011,1.0,0,0,0,0,0,1.0,0,0,0,0,1,1.0,,4.0,Elb8AvX0xe52pLX5
425,171,112012,1.0,1,1,0,0,0,1.0,1,1,1,1,1,1.0,,4.0,Yxq827dlgGa9MWZ0
426,172,112016,1.0,1,1,1,1,1,1.0,1,0,1,1,1,1.0,,5.0,YXrqo4BPQLg9MZdm
427,173,112045,1.0,0,1,0,1,1,1.0,0,0,1,1,0,0.0,,3.0,jYWQA6pDljW2PXKz
428,174,112051,1.0,0,1,1,1,1,1.0,1,1,1,1,1,1.0,,1.0,W7mLA5yRM6dAN6n1
429,175,112069,1.0,1,0,1,1,1,1.0,1,1,1,1,1,1.0,,2.0,5YwxodbjEdQ9Oylz
430,176,112082,1.0,1,1,1,1,1,1.0,1,1,1,1,1,1.0,,3.0,5nJ4ApErRG0oG3kx
431,177,112085,1.0,0,1,1,1,1,1.0,1,1,1,1,1,1.0,,1.0,JLQkAYVV534oOeDG
432,178,112086,1.0,1,1,1,1,1,1.0,1,1,1,1,1,1.0,,2.0,mKPv9zWOZWaAyWe7
433,179,112087,1.0,1,1,1,1,1,1.0,1,1,1,1,1,1.0,,3.0,yNedoam73JeoMEjw
434,180,112089,1.0,0,1,1,1,1,1.0,1,1,1,1,1,1.0,,1.0,5nJ4ApbP4Ne2G3kx
435,181,112090,1.0,1,1,1,1,1,1.0,1,1,1,1,1,1.0,,3.0,LKkR2XkE1k0oZaYV
436,182,112097,1.0,0,1,0,0,1,1.0,0,1,1,1,1,1.0,,2.0,nKY7owXwzGd2G3v4
437,183,112112,1.0,1,1,0,1,1,1.0,1,1,1,1,1,1.0,,3.0,yNedoaDMO0eAMEjw
438,184,112116,1.0,1,1,1,1,1,1.0,1,1,1,1,1,1.0,,3.0,beaJAWw46EWAvw16
439,185,112118,1.0,1,0,0,0,1,1.0,1,1,1,1,1,1.0,,3.0,Yxq827vk4e8oMWZ0
440,186,112121,1.0,1,1,1,1,1,1.0,1,1,1,1,1,1.0,,3.0,BdVOAGVQVXE968JL
441,187,112122,1.0,0,1,1,1,1,1.0,1,1,1,1,1,1.0,,1.0,EZ8qox1406626JVW
442,188,112123,1.0,1,1,1,1,1,1.0,1,1,1,1,1,1.0,,2.0,81K7AmpDv1N9ZmyO
443,189,112124,1.0,1,1,1,1,1,1.0,1,1,1,1,1,1.0,,3.0,Vw142r07XKRAaNPX
444,190,112128,1.0,0,1,1,1,0,1.0,0,0,1,1,0,1.0,,3.0,Dg7LANXaK4J2zm8y
445,191,112148,1.0,0,1,1,1,1,1.0,1,1,1,1,1,1.0,,1.0,NaBzABQbnNv9YyVM
446,192,112159,1.0,0,1,1,1,1,1.0,1,1,1,1,1,1.0,,1.0,D5je9bWbnKMARMYl
447,193,112162,1.0,0,0,1,0,0,1.0,1,1,0,1,1,1.0,,3.0,JkVd2ndvvWgAnLDq
448,194,112168,1.0,0,0,0,0,0,1.0,0,0,0,0,0,1.0,,5.0,vGWjoqeM70PozDOX
449,195,112202,1.0,0,1,1,1,1,1.0,1,1,1,1,1,1.0,,1.0,JLQkAYQ1PlZAOeDG
450,196,112251,1.0,0,0,0,0,1,1.0,1,1,0,1,0,1.0,,3.0,Vj6N98RRexGo8drl
451,197,112309,0.0,0,0,0,0,1,1.0,0,0,0,0,0,0.0,,3.0,EZ8qoxjyYxv96JVW
452,198,112344,1.0,0,0,0,0,1,1.0,1,0,0,0,0,1.0,,3.0,VXGWAkX5rxrovNZ0
453,0,114514,1.0,1,1,1,1,1,1.0,1,1,1,1,1,1.0,,3.0,LDen9K6mqnQ2ElVw
454,1,114719,1.0,0,1,1,1,1,1.0,1,1,1,1,1,1.0,,1.0,vGWjoqeXrWBozDOX
455,2,114720,1.0,0,1,0,1,0,1.0,1,1,1,1,1,1.0,,1.0,p3MN23ZRzaBol1ag
456,3,114721,1.0,0,1,1,1,1,1.0,1,1,1,1,1,1.0,,1.0,NaBzAB0rea32YyVM
457,4,114722,1.0,0,1,1,1,1,1.0,1,1,0,0,1,1.0,,4.0,LKkR2Xm4lVz9ZaYV
458,5,114723,1.0,1,1,1,1,1,1.0,1,1,1,1,0,1.0,,2.0,zExm2Jmpbyro6PyK
459,6,114724,1.0,0,1,1,0,1,1.0,0,1,1,0,0,1.0,,1.0,Vw142rv6Gak2aNPX
460,7,114725,1.0,1,1,1,1,1,1.0,1,1,1,1,1,1.0,,3.0,EZ8qoxmQXbx26JVW
461,8,114726,1.0,0,1,1,1,1,1.0,1,1,1,1,1,1.0,,5.0,JkVd2ngPqE69nLDq
462,9,114727,1.0,1,1,1,1,1,1.0,1,1,1,1,1,1.0,,4.0,NaBzABna5bOAYyVM
463,10,114728,1.0,0,0,0,1,0,1.0,0,0,1,0,0,0.0,,5.0,kqPlARyY6Jn9WndY
464,11,114729,1.0,1,1,1,1,1,1.0,1,1,1,1,1,1.0,,3.0,JLQkAYqBq8OAOeDG
465,12,114732,1.0,0,0,0,1,1,1.0,1,1,1,1,1,1.0,,1.0,qRZK2gvvelYobdka
466,13,114733,1.0,1,1,1,1,1,1.0,1,1,1,1,1,1.0,,4.0,jYWQA6PeWKn2PXKz
467,14,114734,1.0,1,1,1,1,1,1.0,1,1,1,1,1,1.0,,4.0,Elb8AvXWwqe2pLX5
468,15,114735,1.0,1,1,1,1,1,1.0,1,1,1,1,1,1.0,,3.0,ybDaoy3rLmw9QdvY
469,16,114736,1.0,0,1,1,1,1,1.0,1,1,1,1,1,1.0,,1.0,qRZK2gkDY1d2bdka
470,17,114737,1.0,1,1,1,1,1,1.0,1,1,1,1,1,1.0,,5.0,5Ywxodj1BKe9Oylz
471,18,114739,1.0,1,1,1,1,1,1.0,1,1,1,1,1,1.0,,4.0,nKY7owOz8eeoG3v4
472,19,114741,1.0,1,1,1,1,1,1.0,1,1,1,1,1,1.0,,3.0,GLPp2Ov78Wpo03ym
473,20,114742,1.0,1,1,1,1,1,1.0,1,1,1,1,1,1.0,,3.0,qRZK2gjnRZYobdka
474,21,114744,1.0,0,1,1,1,1,1.0,1,1,1,1,0,1.0,,5.0,vGWjoqj4qjr2zDOX
475,22,114745,1.0,1,1,1,1,1,1.0,1,0,1,1,1,1.0,,2.0,JLQkAYjDOxvoOeDG
476,23,114747,1.0,1,1,1,1,1,1.0,1,1,1,1,0,1.0,,2.0,BdVOAGdMVE4o68JL
477,24,114749,1.0,1,1,1,1,1,1.0,1,1,1,1,1,1.0,,5.0,nKY7owKg1B7oG3v4
478,25,114750,1.0,0,0,1,1,0,1.0,1,0,0,1,0,1.0,,1.0,qRZK2gj6Ojdobdka
479,26,114751,1.0,1,1,1,1,1,1.0,1,1,1,1,1,1.0,,3.0,wLxz2lO5LxxokVj8
480,27,114752,1.0,1,1,1,1,1,1.0,1,1,1,1,1,1.0,,2.0,j1Le2DXVgX32xEOy
481,28,114753,1.0,1,0,1,1,1,1.0,1,1,1,1,1,1.0,,4.0,YXrqo4Bvamg9MZdm
482,29,114754,1.0,1,1,1,1,1,1.0,1,1,1,1,1,1.0,,3.0,yNedoazrzjB2MEjw
483,30,114755,1.0,0,1,1,1,1,1.0,1,1,1,1,1,1.0,,1.0,lzD49L4Xgze93Vr8
484,31,114756,1.0,0,1,1,1,1,1.0,1,1,1,1,1,1.0,,1.0,QGYe2jXadOOAgrXp
485,32,114760,0.0,0,0,0,0,0,0.0,0,0,0,0,0,0.0,,1.0,3YVN2M5NVG52bRn5
486,33,114761,0.0,0,0,0,0,0,0.0,0,0,0,0,0,0.0,,5.0,EZ8qoxmQe1v26JVW
487,34,114762,1.0,0,0,0,1,1,1.0,1,1,1,1,1,1.0,,1.0,QGYe2jQNWbjogrXp
488,35,114763,0.0,0,0,0,0,0,0.0,0,0,0,0,0,0.0,,3.0,XNdYoQerYezoWq1r
489,36,114764,1.0,0,0,0,1,1,1.0,1,0,0,0,1,1.0,,2.0,Elb8AvBwkZ6ApLX5
490,37,114765,0.0,0,0,0,0,0,0.0,0,0,0,0,0,0.0,,3.0,Vw142r483kDAaNPX
491,38,114766,1.0,1,1,1,1,1,1.0,1,1,1,1,1,1.0,,2.0,aX8boPdw3B3oOJrM
492,39,114767,1.0,0,0,1,1,0,1.0,0,0,0,0,0,0.0,,3.0,5Ywxodj0NxN9Oylz
493,40,114768,1.0,0,1,1,1,0,1.0,0,1,1,1,1,1.0,,1.0,NaBzAB8zDWE2YyVM
494,41,114769,1.0,1,1,1,1,1,1.0,1,1,1,1,1,1.0,,4.0,Elb8AvXL3Ke2pLX5
495,42,114770,1.0,0,1,1,1,1,1.0,1,1,1,1,1,1.0,,2.0,NaBzABRwjO3AYyVM
496,43,114771,1.0,0,0,0,0,0,1.0,0,0,0,0,0,1.0,,5.0,GLPp2OpqEkD903ym
497,44,114772,1.0,0,1,1,0,1,1.0,1,1,1,1,1,1.0,,3.0,nKY7owXxQ5n2G3v4
498,45,114773,1.0,0,1,1,1,1,1.0,1,1,1,1,0,1.0,,1.0,xgOVA1gzOwl2elJ1
499,46,114774,1.0,0,0,0,0,0,1.0,0,0,0,1,1,1.0,,5.0,Elb8AvKXnYyopLX5
500,47,114775,1.0,0,1,1,1,1,1.0,1,1,1,1,1,1.0,,1.0,BdVOAGxW7z5o68JL
501,48,114776,1.0,1,1,1,1,1,1.0,1,1,1,1,1,1.0,,4.0,GlMq9ebZaJ0ADpXY
502,49,114777,1.0,0,1,1,1,1,1.0,1,1,1,1,1,1.0,,1.0,YXrqo4BVZPQ9MZdm
503,50,114778,1.0,1,1,1,1,1,1.0,1,1,1,1,1,1.0,,5.0,beaJAWrmYen9vw16
504,51,114779,0.0,0,0,0,0,0,0.0,0,0,0,0,0,0.0,,2.0,W7mLA58GO5O9N6n1
505,52,114780,1.0,0,1,1,1,1,1.0,1,0,1,1,1,1.0,,1.0,beaJAWwNebMAvw16
506,53,114781,1.0,0,1,1,1,1,1.0,0,1,0,1,1,1.0,,1.0,QGYe2jXkvVjAgrXp
507,54,114782,0.0,0,0,0,0,0,0.0,0,0,0,0,0,0.0,,2.0,yNedoaGZlX59MEjw
508,55,114783,1.0,1,1,1,1,1,1.0,1,1,1,1,1,1.0,,2.0,YXrqo4BbGyN9MZdm
509,56,114784,1.0,1,1,1,0,1,1.0,1,1,1,1,1,1.0,,5.0,xgOVA17blBQ2elJ1
510,57,114785,1.0,1,1,1,1,1,1.0,1,1,1,1,1,1.0,,2.0,81K7AmXzEex9ZmyO
511,58,114786,1.0,0,1,0,0,0,1.0,0,1,0,0,0,1.0,,1.0,nKY7owXGz6L2G3v4
512,59,114787,1.0,1,1,1,1,1,1.0,1,1,1,1,1,1.0,,3.0,Elb8AvXLP3J2pLX5
513,60,114788,1.0,1,1,1,1,1,1.0,1,1,1,1,1,1.0,,2.0,wLxz2lX5jxr2kVj8
514,61,114789,1.0,0,0,0,1,1,1.0,0,0,0,0,0,1.0,,4.0,jnWOo08VdZYoXzex
515,62,114790,1.0,1,1,1,1,1,1.0,1,1,1,1,1,1.0,,2.0,p3MN235Byl1Al1ag
516,63,114791,1.0,1,1,1,1,1,1.0,1,1,1,1,1,1.0,,5.0,JLQkAYXK10K9OeDG
517,64,114792,1.0,1,1,1,1,1,1.0,0,1,1,0,1,1.0,,5.0,Yxq827lJlvw9MWZ0
518,65,114794,1.0,1,1,1,1,1,1.0,1,1,1,1,1,1.0,,4.0,GQq8AVGwd5qolWZ3
519,66,114797,0.0,0,0,0,0,0,0.0,0,0,0,0,0,0.0,,3.0,W7mLA57qYVO2N6n1
520,67,114798,1.0,1,1,1,1,1,1.0,1,1,1,1,0,1.0,,3.0,zExm2JgpQZJ96PyK
521,68,114799,1.0,1,1,1,1,1,1.0,1,1,1,1,1,1.0,,3.0,JLQkAYXPK149OeDG
522,69,114800,1.0,1,1,1,1,1,1.0,1,1,1,1,1,1.0,,3.0,qRZK2gPMWjd9bdka
523,70,114801,1.0,0,0,0,0,1,1.0,1,1,1,1,1,1.0,,3.0,Yxq827d3W6M9MWZ0
524,71,114802,1.0,1,1,0,1,0,1.0,1,0,0,1,1,1.0,,2.0,vGWjoqq0GwNozDOX
525,72,114814,1.0,1,0,1,0,1,1.0,1,1,1,1,1,1.0,,2.0,NaBzAB006W32YyVM
526,73,114815,0.0,0,0,0,0,0,0.0,0,0,0,0,0,0.0,,1.0,5nJ4ApEKnb4oG3kx
527,74,114816,1.0,0,1,1,1,1,1.0,0,1,1,0,1,1.0,,1.0,5nJ4ApEKnb4oG3kx
528,75,114819,1.0,1,1,1,1,1,1.0,1,1,1,1,1,1.0,,4.0,nKY7owOmq5PoG3v4
529,76,114831,0.0,0,0,0,0,0,0.0,0,0,0,0,0,0.0,,5.0,BdVOAGXg1vdo68JL
530,77,114875,1.0,1,1,1,0,1,1.0,1,1,1,1,1,1.0,,2.0,mKPv9zwv4Y6AyWe7
531,78,114876,1.0,1,1,1,1,1,1.0,1,1,1,1,1,1.0,,3.0,VXGWAkBvWNq9vNZ0
532,79,114877,1.0,0,1,1,1,1,1.0,1,1,1,1,1,1.0,,1.0,mKPv9z3KpR4AyWe7
533,80,114878,1.0,1,1,1,1,1,1.0,1,1,1,1,1,1.0,,3.0,zExm2JgJ61J96PyK
534,81,114879,1.0,1,1,1,1,1,1.0,1,1,1,1,1,1.0,,3.0,D5je9bXK3QJoRMYl
535,82,114880,1.0,0,0,0,0,0,1.0,0,0,0,0,0,1.0,,5.0,81K7AmpJJO39ZmyO
536,83,114881,1.0,1,1,1,1,1,1.0,1,1,1,1,1,1.0,,4.0,5YwxodYkJm12Oylz
537,84,114883,1.0,0,1,1,1,1,1.0,1,1,0,1,0,1.0,,3.0,JkVd2n3pG8p9nLDq
538,85,114884,1.0,1,1,1,1,1,1.0,1,1,1,1,1,1.0,,3.0,qRZK2gE6WMXAbdka
539,86,114886,1.0,1,1,1,1,1,1.0,1,1,1,1,1,1.0,,4.0,LKkR2XPa6bl2ZaYV
540,87,114887,0.0,0,0,0,0,0,0.0,0,0,0,0,0,0.0,,3.0,GLPp2O5G7glA03ym
541,88,114888,0.0,0,0,0,0,0,0.0,0,0,0,0,0,0.0,,1.0,EZ8qoxpWxb3o6JVW
542,89,114889,1.0,0,0,0,0,0,1.0,0,0,0,0,0,1.0,,5.0,5YwxodbkEvX9Oylz
543,90,114890,1.0,0,0,0,0,0,0.0,0,1,0,0,0,1.0,,1.0,BdVOAG5RWze268JL
544,91,114892,1.0,0,1,0,0,0,1.0,1,1,1,1,0,1.0,,2.0,gJdBAEx6pLQ9bz5P
545,92,114893,1.0,0,0,0,0,0,1.0,1,1,1,1,1,1.0,,1.0,LDen9KLWy7DAElVw
546,93,114894,1.0,1,0,0,1,1,1.0,1,1,0,1,0,1.0,,2.0,Vw142rKPQ7D9aNPX
547,94,114895,1.0,1,1,1,1,1,1.0,1,1,1,1,1,1.0,,2.0,qRZK2gPbrYW9bdka
548,95,114896,1.0,1,1,1,1,1,1.0,1,1,1,1,1,1.0,,3.0,vGWjoqE7zjlozDOX
549,96,114897,1.0,0,1,1,1,1,1.0,0,1,1,1,1,1.0,,5.0,wLxz2ljVQjrAkVj8
550,97,114898,1.0,1,1,1,1,1,1.0,1,1,1,1,1,1.0,,2.0,GQq8AV3NWamolWZ3
551,98,114899,1.0,1,1,1,1,1,1.0,1,1,1,1,1,1.0,,5.0,kqPlARmrzMq9WndY
552,0,114900,1.0,1,1,1,1,0,1.0,1,1,1,1,0,1.0,,3.0,BdVOAGXk0Xdo68JL
553,100,114901,1.0,1,1,1,1,1,1.0,0,1,1,1,1,1.0,,3.0,zExm2JyJ4Zro6PyK
554,101,114902,1.0,0,0,0,1,1,1.0,1,1,1,1,1,1.0,,1.0,aX8boPdP0z0oOJrM
555,102,114903,1.0,0,0,0,1,0,1.0,0,0,0,0,0,1.0,,2.0,GlMq9eb47lpADpXY
556,103,114904,1.0,0,1,0,0,0,1.0,0,1,0,0,0,1.0,,1.0,ybDaoyNpzlw2QdvY
557,104,114905,1.0,0,0,1,1,1,1.0,1,0,1,1,0,1.0,,2.0,GlMq9eb14BDADpXY
558,105,114906,1.0,1,1,1,1,1,1.0,1,1,1,1,1,1.0,,5.0,qRZK2gEXpKEAbdka
559,106,114907,1.0,1,1,1,1,1,1.0,1,1,1,1,1,1.0,,3.0,Vj6N987q8mN28drl
560,107,114908,1.0,1,1,1,1,1,1.0,1,0,1,1,1,1.0,,5.0,Vj6N985zB71A8drl
561,108,114909,1.0,1,1,1,1,1,1.0,1,1,1,1,1,1.0,,3.0,Elb8AvmjKy79pLX5
562,109,114910,1.0,1,1,1,1,1,1.0,1,1,1,1,1,1.0,,3.0,beaJAWrNkda9vw16
563,110,114911,0.0,0,0,0,0,0,0.0,0,0,0,0,0,0.0,,1.0,qRZK2gaNKEXAbdka
564,111,114912,1.0,1,1,1,1,1,1.0,1,1,1,0,1,1.0,,4.0,GLPp2Oy6jWpA03ym
565,112,114913,1.0,0,0,1,0,0,1.0,0,0,0,0,0,1.0,,1.0,Elb8AvX3EYr2pLX5
566,113,114915,1.0,1,1,1,1,1,1.0,1,0,1,1,1,1.0,,4.0,RWLV2Z1Z38lo5vN3
567,114,114918,1.0,0,0,0,0,0,1.0,0,0,0,0,0,1.0,,4.0,Vj6N98XWmGN98drl
568,115,114919,1.0,0,1,0,1,1,1.0,1,0,1,1,1,1.0,,3.0,Elb8Avk1e37opLX5
569,116,114920,1.0,1,0,1,1,1,1.0,1,1,1,1,1,1.0,,3.0,jYWQA6pyvrv2PXKz
570,117,114924,1.0,0,1,1,1,1,1.0,1,1,1,1,1,1.0,,1.0,RWLV2ZZpRp525vN3
571,118,114925,1.0,0,0,0,0,0,1.0,0,0,0,0,0,1.0,,4.0,GlMq9eX7qNE2DpXY
572,119,114928,1.0,1,1,1,1,1,1.0,1,1,1,1,1,1.0,,2.0,Yxq827dK7WN9MWZ0
573,120,114974,1.0,1,1,1,1,1,1.0,0,1,1,1,1,1.0,,2.0,JkVd2n3adRk9nLDq
574,121,114975,1.0,1,1,1,1,1,1.0,1,1,1,1,1,1.0,,2.0,Elb8AvkgpW6opLX5
575,122,114978,1.0,1,1,1,1,1,1.0,1,1,1,1,1,1.0,,4.0,Vj6N985vypwA8drl
576,123,114979,1.0,1,1,1,1,1,1.0,0,0,1,0,0,1.0,,4.0,5nJ4ApKeLm49G3kx
577,124,114980,1.0,1,1,1,1,1,1.0,1,1,1,1,0,1.0,,4.0,JkVd2ndDRXkAnLDq
578,125,114981,1.0,0,1,1,1,0,1.0,0,0,1,1,1,1.0,,1.0,Elb8AvBwlVrApLX5
579,126,114982,1.0,0,0,0,0,1,1.0,0,0,0,1,1,1.0,,5.0,5Ywxodjexg59Oylz
580,127,114984,1.0,0,1,1,1,1,1.0,1,1,1,1,1,1.0,,1.0,zExm2JXdWXJA6PyK
581,128,114985,1.0,1,1,1,1,1,1.0,1,1,0,1,1,1.0,,2.0,jYWQA6Pxk8J2PXKz
582,129,114986,1.0,0,0,0,0,0,1.0,0,0,0,0,0,1.0,,3.0,EZ8qox1BDDQ26JVW
583,130,114988,1.0,1,1,1,1,1,1.0,1,1,1,1,1,1.0,,5.0,LKkR2XPwRgV2ZaYV
584,131,114989,1.0,0,1,1,0,0,1.0,1,1,1,0,0,1.0,,1.0,lzD49LX6ZVR93Vr8
585,132,114990,1.0,0,1,1,1,1,1.0,0,0,0,0,1,1.0,,3.0,nKY7owOY3gaoG3v4
586,133,114991,1.0,1,1,1,1,1,1.0,1,1,1,1,1,1.0,,2.0,5YwxodjpyLv9Oylz
587,134,114992,1.0,1,1,1,1,1,1.0,1,1,1,1,1,1.0,,5.0,jYWQA6PbpXv2PXKz
588,135,114993,1.0,0,0,0,0,0,1.0,0,0,0,0,0,0.0,,5.0,Elb8AvB1EnkApLX5
589,136,114994,1.0,1,1,1,1,1,1.0,1,1,1,1,1,1.0,,2.0,JkVd2nXxKBRAnLDq
590,137,114995,1.0,0,0,1,1,1,1.0,1,1,0,1,0,1.0,,2.0,lzD49LyMYrkA3Vr8
591,138,114996,1.0,0,1,0,0,1,1.0,0,1,1,0,0,1.0,,1.0,Dg7LANXZmzl2zm8y
592,139,114997,1.0,0,0,1,0,0,1.0,1,1,0,0,0,1.0,,5.0,mKPv9zZwa709yWe7
593,140,115000,1.0,0,1,1,1,1,1.0,1,0,1,1,1,1.0,,1.0,JkVd2njYMpg2nLDq
594,141,115001,1.0,0,1,1,1,1,1.0,1,1,1,1,1,1.0,,1.0,81K7AmvOpm8oZmyO
595,142,115003,1.0,1,1,1,1,1,1.0,1,1,1,1,1,1.0,,5.0,vGWjoqj3dnN2zDOX
596,143,115006,1.0,0,1,1,1,1,1.0,1,1,1,1,1,1.0,,1.0,GlMq9ePW6xD2DpXY
597,144,115007,1.0,0,1,1,1,1,1.0,1,1,1,1,1,1.0,,3.0,5YwxodPOJOOoOylz
598,145,115010,1.0,1,1,1,1,1,1.0,1,1,1,1,1,1.0,,3.0,5Ywxodbd8QX9Oylz
599,146,115012,1.0,1,1,1,1,1,1.0,1,1,1,1,1,1.0,,2.0,NaBzABQQ3xN9YyVM
600,147,115029,1.0,1,1,1,1,1,1.0,1,1,1,1,1,1.0,,2.0,GQq8AVlDD8r2lWZ3
601,148,115035,1.0,0,1,1,1,1,1.0,1,1,1,1,1,1.0,,1.0,gJdBAEy6lBZAbz5P
602,149,115037,1.0,0,0,0,0,0,1.0,0,0,0,0,0,1.0,,4.0,Vj6N98XWmGN98drl
603,150,115042,1.0,0,0,1,1,1,1.0,1,1,1,1,1,1.0,,5.0,j1Le2D6EWdqAxEOy
604,151,115060,1.0,1,1,1,0,1,1.0,1,1,0,1,1,1.0,,4.0,YXrqo47WkW6AMZdm
605,152,115076,1.0,1,1,1,1,1,1.0,1,1,1,1,1,1.0,,3.0,nKY7owqkBa89G3v4
606,153,115077,1.0,0,1,1,1,1,1.0,1,1,1,1,1,1.0,,1.0,aX8boPgPzvMAOJrM
607,154,115079,0.0,0,0,0,0,0,0.0,0,0,0,0,0,0.0,,3.0,p3MN23y08mbAl1ag
608,155,115080,1.0,0,1,1,1,1,1.0,1,1,1,1,1,1.0,,1.0,EZ8qox1QRJO26JVW
609,156,115081,1.0,1,1,1,1,1,1.0,0,1,1,1,1,1.0,,2.0,Vj6N98wJYjb28drl
610,157,115083,1.0,0,1,1,1,1,1.0,0,0,1,1,0,1.0,,1.0,zExm2JXdnekA6PyK
611,158,115086,1.0,0,1,1,1,1,1.0,1,1,1,1,1,1.0,,1.0,XNdYoQVbDaD2Wq1r
612,159,115087,1.0,1,1,1,1,1,1.0,0,1,1,1,1,1.0,,4.0,kqPlARmbd5p9WndY
613,160,115088,1.0,1,1,1,0,1,1.0,1,1,1,1,1,1.0,,4.0,XNdYoQepdGzoWq1r
614,161,115092,1.0,1,1,1,1,1,1.0,1,1,1,1,1,1.0,,2.0,vGWjoqqYJ7NozDOX
615,162,115093,1.0,1,0,0,1,0,1.0,0,0,0,0,0,1.0,,2.0,BdVOAGVL4Qp968JL
616,163,115105,1.0,0,1,1,1,1,1.0,1,1,1,1,1,1.0,,1.0,3YVN2MBnmOl9bRn5
617,164,115114,1.0,1,1,1,1,0,1.0,1,1,1,0,1,1.0,,4.0,p3MN234kmm19l1ag
618,165,115116,1.0,1,1,1,1,1,1.0,1,1,1,1,1,1.0,,2.0,nKY7owXjYk82G3v4
619,166,115117,1.0,1,1,1,1,0,1.0,1,1,1,1,1,1.0,,2.0,99
620,167,115118,1.0,1,1,1,1,1,1.0,1,1,1,1,1,1.0,,3.0,5Ywxodba0R39Oylz
621,168,115120,1.0,0,1,1,1,1,1.0,1,1,1,1,0,1.0,,1.0,LDen9KnOr1G2ElVw
622,169,115136,1.0,0,1,1,1,1,1.0,1,1,1,1,1,1.0,,1.0,jYWQA6pyeJm2PXKz
623,170,115146,1.0,1,1,1,1,1,1.0,1,0,1,1,1,1.0,,3.0,RWLV2ZyqkGJo5vN3
624,171,115169,1.0,1,1,1,1,1,1.0,1,1,1,1,1,1.0,,3.0,5YwxodPOMRXoOylz
625,172,115170,1.0,1,1,1,1,1,1.0,1,1,1,1,1,1.0,,3.0,XNdYoQeWLNeoWq1r
626,173,115171,1.0,0,1,1,1,1,1.0,1,1,1,1,1,1.0,,1.0,NaBzAB8WxN02YyVM
627,174,115172,1.0,1,1,1,1,1,1.0,1,1,1,1,0,1.0,,2.0,NaBzABRaPwNAYyVM
628,175,115174,1.0,0,1,1,1,1,1.0,1,1,1,1,1,1.0,,1.0,GQq8AVlWZPd2lWZ3
629,176,115175,1.0,1,1,1,1,1,1.0,1,1,1,1,1,1.0,,5.0,j1Le2Dn4drkAxEOy
630,177,115176,1.0,1,1,1,1,1,1.0,1,1,1,1,1,1.0,,4.0,81K7AmjDbG3oZmyO
631,178,115178,1.0,0,1,1,1,1,1.0,1,1,1,1,1,1.0,,1.0,XNdYoQweBQY9Wq1r
632,179,115179,1.0,0,1,1,1,1,1.0,1,1,1,1,1,1.0,,1.0,3YVN2MyvdNN2bRn5
633,180,115180,0.0,0,0,0,0,0,0.0,0,0,0,0,0,0.0,,4.0,3YVN2MpbnQqobRn5
634,181,115181,1.0,1,1,1,1,1,1.0,1,1,1,1,1,1.0,,3.0,beaJAWwrzb3Avw16
635,182,115182,1.0,1,1,1,1,1,1.0,1,1,1,1,1,1.0,,4.0,W7mLA5Ombgm2N6n1
636,183,115183,1.0,0,0,0,0,0,1.0,0,0,0,1,0,1.0,,2.0,gJdBAE83n5J9bz5P
637,184,115184,0.0,0,0,0,0,0,1.0,0,0,0,0,0,0.0,,1.0,YXrqo48OGbnoMZdm
638,185,115185,0.0,0,0,0,0,0,0.0,0,0,0,0,0,0.0,,5.0,gJdBAEy7naJAbz5P
639,186,115194,1.0,0,1,0,1,1,1.0,0,1,1,0,0,1.0,,1.0,zExm2JXQBnJA6PyK
640,187,115201,1.0,0,0,0,0,0,1.0,0,0,0,0,0,1.0,,2.0,kqPlAR11Yxe9WndY
641,188,115202,1.0,0,1,1,1,1,1.0,1,1,1,1,1,1.0,,1.0,lzD49LYDErkA3Vr8
642,189,115211,1.0,1,1,0,1,1,1.0,1,1,1,1,1,1.0,,4.0,jYWQA6JgyQJAPXKz
643,190,115215,1.0,1,1,1,1,1,1.0,0,0,0,1,0,1.0,,3.0,vGWjoqq1bZvozDOX
644,191,115216,1.0,0,1,1,1,1,1.0,0,1,0,1,1,1.0,,1.0,mKPv9zd8KRaoyWe7
645,192,115217,1.0,1,1,1,1,1,1.0,1,1,0,1,0,1.0,,3.0,EZ8qoxzeJl396JVW
646,193,115218,1.0,1,1,1,1,1,1.0,1,1,1,1,1,1.0,,3.0,BdVOAGxr1G4o68JL
647,194,115220,1.0,1,1,0,1,1,1.0,1,1,1,1,1,1.0,,2.0,GLPp2Oy6NvBA03ym
648,195,115221,1.0,1,1,1,1,1,1.0,1,1,1,1,1,1.0,,4.0,mKPv9zwgydnAyWe7
649,196,115222,1.0,0,1,1,1,1,1.0,1,1,1,1,1,1.0,,1.0,jnWOo0vPOyN9Xzex
650,197,115223,1.0,0,1,1,1,1,1.0,1,1,1,1,1,1.0,,1.0,JkVd2ndw4GRAnLDq
651,198,115224,1.0,0,0,0,1,0,1.0,0,0,0,0,0,1.0,,2.0,GlMq9eKGlq0oDpXY
652,199,115225,1.0,0,1,1,1,1,1.0,1,1,1,1,1,1.0,,1.0,GQq8AV8eLJV2lWZ3
653,200,115226,1.0,0,1,1,1,1,1.0,1,1,1,1,1,1.0,,1.0,qRZK2gxLYQN9bdka
654,201,115227,1.0,0,1,1,1,1,1.0,1,1,1,1,1,1.0,,1.0,j1Le2D6Mg8RAxEOy
655,202,115228,1.0,1,1,1,1,0,1.0,1,1,1,0,1,1.0,,5.0,zExm2JgmQOJ96PyK
656,203,115229,1.0,0,1,1,1,1,1.0,1,1,1,1,1,1.0,,1.0,D5je9b6KxLD9RMYl
657,204,115230,1.0,1,1,1,1,1,1.0,1,1,1,1,1,1.0,,2.0,zExm2JgmD0X96PyK
658,205,115231,1.0,1,1,0,1,1,1.0,0,1,1,0,1,1.0,,4.0,Elb8AvkQLLJopLX5
659,206,115232,1.0,1,1,1,0,1,1.0,0,0,0,1,0,1.0,,3.0,qRZK2gjWjJdobdka
660,207,115233,1.0,0,1,1,1,1,1.0,1,1,1,1,1,1.0,,1.0,81K7AmvLv4xoZmyO
661,208,115241,1.0,1,1,1,1,1,1.0,1,1,1,1,1,0.0,,3.0,xgOVA174RLW2elJ1
662,209,115242,1.0,1,1,1,1,1,1.0,1,1,1,1,1,1.0,,5.0,XNdYoQy1m4GoWq1r
663,210,115243,1.0,0,1,1,1,1,1.0,1,1,1,1,1,1.0,,1.0,vGWjoqjkaEv2zDOX
664,211,115278,0.0,0,0,0,0,0,0.0,0,0,0,0,0,0.0,,3.0,ybDaoyXdpxdAQdvY
665,212,115322,1.0,0,1,1,1,1,1.0,1,1,1,1,1,1.0,,1.0,81K7AmXOPL69ZmyO
666,213,115323,1.0,0,0,0,0,0,1.0,0,0,0,0,0,1.0,,3.0,j1Le2D6mOGkAxEOy
667,214,115330,1.0,0,0,0,0,0,1.0,0,0,0,0,0,1.0,,2.0,JkVd2nXN7n6AnLDq
668,215,115341,1.0,0,0,0,0,0,1.0,0,0,0,0,0,1.0,,3.0,jYWQA6pNmYg2PXKz
669,216,115353,1.0,1,1,1,1,1,1.0,1,1,1,1,1,1.0,,5.0,qRZK2gv0pPXobdka
670,217,115356,1.0,1,1,1,1,1,1.0,1,1,0,1,1,1.0,,3.0,lzD49L46dq493Vr8
671,218,115462,1.0,1,1,1,1,0,1.0,1,1,1,1,1,1.0,,3.0,JkVd2ngERXg9nLDq
672,219,115513,1.0,0,1,0,0,0,1.0,0,0,1,0,0,1.0,,1.0,Dg7LANOz80nozm8y
673,220,115516,0.0,0,0,0,0,0,0.0,0,0,0,0,0,0.0,,3.0,qRZK2gvX7BEobdka
674,221,115519,1.0,1,1,1,1,1,1.0,1,1,1,1,1,1.0,,2.0,nKY7owXjYk82G3v4
675,222,115520,1.0,0,1,1,1,1,1.0,1,1,1,1,1,1.0,,1.0,GQq8AVl4RR52lWZ3
676,223,115521,1.0,1,1,1,1,1,1.0,1,1,1,1,1,1.0,,3.0,jYWQA6B70QEAPXKz
677,224,115522,1.0,1,0,1,1,1,1.0,1,0,1,1,0,1.0,,3.0,jYWQA6Py0gv2PXKz
678,225,115523,1.0,0,1,1,1,1,1.0,1,1,1,1,1,1.0,,1.0,LKkR2X7YxyqoZaYV
679,226,115524,1.0,1,1,1,1,1,1.0,1,1,1,1,1,1.0,,4.0,jYWQA6RkWYkAPXKz
680,227,115525,1.0,0,0,1,1,0,1.0,1,1,1,1,1,1.0,,2.0,JLQkAYXaq4V9OeDG
681,228,115528,1.0,1,1,1,1,0,1.0,0,1,1,1,1,1.0,,3.0,BdVOAGX6b33o68JL
682,229,115529,1.0,1,1,1,1,1,1.0,1,1,1,1,0,1.0,,3.0,Yxq827E56ObAMWZ0
683,230,115530,1.0,1,1,1,1,1,1.0,1,1,1,1,1,1.0,,3.0,XNdYoQyvLjdoWq1r
684,231,115531,1.0,1,1,1,1,1,1.0,1,0,0,1,0,1.0,,3.0,ybDaoy1RmPaoQdvY
685,232,115532,1.0,0,1,0,0,0,1.0,0,1,0,1,1,1.0,,1.0,5YwxodQQ8X32Oylz
686,233,115533,1.0,1,1,1,1,1,1.0,1,1,1,1,1,1.0,,2.0,5nJ4ApEJqn0oG3kx
687,234,115535,1.0,1,0,1,1,1,1.0,1,0,0,1,1,1.0,,2.0,81K7AmjdnOGoZmyO
688,235,115536,1.0,1,1,0,1,0,1.0,1,0,1,1,1,1.0,,3.0,EZ8qoxbQlem96JVW
689,236,115540,1.0,0,1,1,1,1,1.0,0,1,1,0,1,1.0,,2.0,RWLV2Zv1XPX25vN3
690,237,115543,1.0,1,1,1,0,1,1.0,1,0,1,1,1,1.0,,2.0,JLQkAYXYBYR9OeDG
691,238,115550,1.0,0,1,1,1,0,1.0,1,0,1,1,1,1.0,,1.0,3YVN2Mx1XrmobRn5
692,239,115552,1.0,1,1,1,1,1,1.0,1,1,1,1,1,1.0,,2.0,GLPp2OpkD1R903ym
693,240,115554,1.0,1,1,1,1,1,1.0,1,1,1,1,1,1.0,,2.0,GLPp2OdQ3WZ903ym
694,241,115566,1.0,1,0,1,1,1,1.0,1,0,1,1,1,1.0,,2.0,QGYe2jXL5w5AgrXp
695,242,115567,1.0,0,1,0,1,1,1.0,1,0,1,1,1,1.0,,3.0,JLQkAYVXkLZoOeDG
696,243,115577,1.0,1,1,0,1,1,1.0,1,1,0,1,1,1.0,,3.0,yNedoaDr8jeAMEjw
697,244,115591,1.0,1,1,1,1,1,1.0,1,1,1,1,1,1.0,,4.0,kqPlARXJzKg2WndY
698,245,115607,1.0,1,1,1,0,1,1.0,1,0,1,0,0,1.0,,2.0,3YVN2MBNlkV9bRn5
699,246,115629,1.0,0,1,0,0,0,1.0,0,1,0,0,0,1.0,,1.0,jnWOo0R5nzb9Xzex
700,247,115636,1.0,0,0,0,1,1,1.0,0,1,1,0,0,1.0,,3.0,vGWjoqjblpL2zDOX
701,248,115637,1.0,1,1,0,1,1,1.0,1,1,1,1,1,1.0,,5.0,EZ8qoxpJzago6JVW
702,249,115639,1.0,0,1,1,1,1,1.0,1,1,1,1,1,1.0,,1.0,vGWjoqBPr0l2zDOX
703,250,115642,1.0,0,1,1,0,0,1.0,1,0,0,0,0,1.0,,1.0,GLPp2OppYW8903ym
704,251,115643,1.0,0,0,0,0,0,0.0,0,0,0,0,0,0.0,,3.0,LKkR2XkkjazoZaYV
705,252,115644,1.0,0,0,0,0,0,0.0,0,0,0,0,0,0.0,,2.0,EZ8qoxja8Zr96JVW
706,253,115677,1.0,1,1,1,0,1,1.0,1,0,1,1,1,1.0,,2.0,Elb8AvXdjJr2pLX5
707,254,115679,1.0,1,1,1,0,1,1.0,1,0,1,1,1,1.0,,5.0,Vj6N98wd1My28drl
708,255,115680,1.0,1,1,1,0,1,1.0,1,0,1,1,1,1.0,,2.0,GLPp2OpXGXZ903ym
709,256,115682,1.0,0,1,1,1,1,1.0,1,1,1,1,1,1.0,,1.0,BdVOAGVpgOd968JL
710,257,115683,1.0,1,0,1,1,1,1.0,1,0,1,1,0,1.0,,2.0,GQq8AV3lzqqolWZ3
711,258,115684,1.0,1,1,1,1,1,1.0,0,0,1,1,1,1.0,,3.0,5Ywxodbjjav9Oylz
712,259,115685,1.0,1,1,1,1,1,1.0,1,1,1,1,1,1.0,,4.0,p3MN234kmm19l1ag
713,260,115686,1.0,1,1,1,1,1,1.0,0,0,1,1,1,1.0,,4.0,beaJAWrXNLn9vw16
714,261,115687,1.0,0,0,0,0,0,0.0,0,0,0,0,0,0.0,,1.0,nKY7owV6kvYAG3v4
715,262,115689,1.0,1,1,1,1,1,1.0,1,1,1,1,1,1.0,,2.0,99
716,263,115698,0.0,0,0,0,0,0,0.0,0,0,0,0,0,0.0,,3.0,GLPp2O5G7glA03ym
717,264,115721,1.0,1,1,1,1,1,1.0,1,1,1,1,1,1.0,,5.0,jYWQA6RBY0gAPXKz
718,265,115723,1.0,1,1,1,1,1,1.0,1,1,1,1,1,1.0,,3.0,JkVd2nxBn8lAnLDq
719,266,115725,1.0,1,1,1,1,0,1.0,1,1,1,0,0,1.0,,3.0,lzD49Lyal7nA3Vr8
720,267,115728,1.0,1,1,1,1,0,1.0,1,1,1,0,1,1.0,,3.0,GLPp2OpV7DK903ym
721,268,115730,1.0,1,1,1,0,1,1.0,0,1,0,0,0,1.0,,5.0,gJdBAEy7naJAbz5P
722,269,115731,1.0,1,1,1,1,1,1.0,1,1,1,1,1,1.0,,2.0,Dg7LANXaX3w2zm8y
723,270,115732,1.0,1,1,1,1,1,1.0,1,1,1,1,1,1.0,,3.0,GLPp2O5G7glA03ym
724,271,115733,1.0,1,1,1,1,1,1.0,1,1,1,0,1,1.0,,3.0,GlMq9ePWyLY2DpXY
725,272,115735,1.0,0,1,1,1,1,1.0,1,1,1,1,0,1.0,,1.0,vGWjoqMgmbRozDOX
726,273,115737,1.0,1,1,0,1,1,1.0,0,1,1,1,1,1.0,,2.0,gJdBAE475RK9bz5P
727,274,115738,1.0,0,1,1,1,1,1.0,1,1,1,1,1,1.0,,1.0,zExm2JbDLay26PyK
728,275,115740,1.0,1,0,0,0,0,1.0,1,1,1,1,0,1.0,,2.0,gJdBAEDRZNZ9bz5P
729,276,115743,1.0,1,0,1,1,1,1.0,1,1,1,1,1,1.0,,4.0,5YwxodY7xzM2Oylz
730,277,115744,0.0,0,0,0,0,1,0.0,0,0,0,0,0,0.0,,1.0,nKY7owO5gDeoG3v4
731,278,115748,1.0,1,1,1,1,1,1.0,1,1,1,1,1,1.0,,2.0,5YwxodjeQ159Oylz
732,279,115750,1.0,1,1,1,1,1,1.0,1,1,1,1,0,1.0,,2.0,vGWjoqBmBQ82zDOX
733,280,115753,1.0,0,0,1,1,1,1.0,1,1,0,0,1,1.0,,5.0,kqPlARXJNDB2WndY
734,281,115754,1.0,0,1,1,1,1,1.0,1,1,1,1,1,1.0,,1.0,JLQkAYVQJdNoOeDG
735,282,115763,1.0,1,0,1,1,1,1.0,1,1,1,1,1,1.0,,3.0,3YVN2MyPJaV2bRn5
736,0,120931,1.0,1,1,1,1,1,1.0,1,1,1,1,1,1.0,,4.0,5YwxodNGOXv9Oylz
737,1,120937,1.0,0,1,1,1,1,1.0,1,1,1,1,1,1.0,,5.0,RWLV2Z1EmG5o5vN3
738,2,120962,1.0,1,1,1,1,1,1.0,1,1,1,1,1,1.0,,5.0,p3MN23yEj4EAl1ag
739,3,120964,1.0,0,1,1,1,1,1.0,1,1,1,1,1,1.0,,1.0,5Ywxodb3xdX9Oylz
740,4,120966,1.0,0,1,1,1,1,1.0,1,1,1,1,1,1.0,,1.0,Dg7LANONnZgozm8y
741,5,120967,1.0,0,1,1,1,1,1.0,1,1,1,1,1,1.0,,1.0,qRZK2gEQM1WAbdka
742,6,120970,1.0,0,1,1,1,1,1.0,1,1,1,1,1,1.0,,1.0,qRZK2gEDqlNAbdka
743,8,121186,1.0,0,0,1,1,1,1.0,0,1,1,1,1,1.0,,5.0,LDen9KLWer3AElVw
744,9,121190,1.0,1,1,1,1,1,1.0,1,1,1,1,1,1.0,,4.0,NaBzAB8qx532YyVM
745,10,121192,1.0,1,0,0,0,1,1.0,1,1,1,1,1,1.0,,5.0,zExm2J5mJYro6PyK
746,11,121193,1.0,1,0,0,1,1,1.0,1,1,1,1,1,1.0,,5.0,qRZK2gE4pxWAbdka
747,12,121199,1.0,0,1,1,1,1,1.0,1,1,1,1,1,1.0,,1.0,p3MN234R1DP9l1ag
748,13,121203,1.0,1,1,1,1,1,1.0,1,1,1,1,1,1.0,,5.0,QGYe2jPgKkdAgrXp
749,14,121204,1.0,1,1,1,1,1,1.0,1,1,1,1,1,1.0,,4.0,xgOVA1gzDMg2elJ1
750,15,121209,1.0,0,1,1,1,1,1.0,1,1,0,1,1,1.0,,1.0,Elb8AvXdjJr2pLX5
751,16,121210,1.0,0,1,1,1,1,1.0,1,1,0,1,1,1.0,,1.0,5nJ4ApEjL44oG3kx
752,17,121211,1.0,0,1,1,1,1,1.0,1,1,0,1,1,1.0,,2.0,GLPp2OpXGXZ903ym
753,18,121212,1.0,0,0,1,1,1,1.0,1,1,0,1,1,1.0,,2.0,GQq8AV3lzqqolWZ3
754,19,121213,1.0,0,1,1,1,1,1.0,1,1,0,1,1,1.0,,1.0,beaJAWrXNLn9vw16
755,20,121214,1.0,1,1,1,1,1,1.0,1,1,0,1,1,1.0,,2.0,3YVN2MBNlkV9bRn5
756,21,121216,1.0,0,1,1,1,1,1.0,1,1,0,1,1,1.0,,1.0,5Ywxodbjjav9Oylz
757,22,121217,1.0,1,1,1,1,1,1.0,1,1,0,1,1,1.0,,2.0,Vj6N98wd1My28drl
758,23,121218,1.0,0,1,1,1,1,1.0,1,1,0,1,1,1.0,,1.0,Vj6N98wP05N28drl
759,24,121231,1.0,1,1,1,1,1,1.0,0,0,0,0,0,,,2.0,Yxq827dlgGa9MWZ0
760,25,121245,1.0,1,1,1,1,1,1.0,1,1,1,1,0,1.0,,5.0,Yxq827djM5b9MWZ0
761,26,121257,1.0,0,1,1,1,1,1.0,1,1,1,1,1,1.0,,5.0,nKY7owXDr6a2G3v4
762,27,121262,1.0,0,1,1,1,1,1.0,1,1,1,1,1,1.0,,4.0,XNdYoQwYvke9Wq1r
763,28,121272,1.0,0,1,1,1,1,1.0,1,1,1,1,1,1.0,,2.0,jYWQA6pXWJE2PXKz
764,29,121290,1.0,0,1,1,1,1,1.0,1,1,1,1,1,1.0,,5.0,j1Le2D6XXqlAxEOy
765,30,121291,1.0,0,1,1,1,1,1.0,1,1,1,1,1,1.0,,5.0,Vw142rvB6mb2aNPX
766,31,121294,1.0,1,1,1,1,1,1.0,1,1,1,1,1,1.0,,5.0,lzD49L4RWVk93Vr8
767,32,121295,1.0,0,1,1,1,1,1.0,1,1,1,1,1,1.0,,5.0,5YwxodbGEEe9Oylz
768,33,121296,1.0,0,1,1,1,1,1.0,1,1,1,1,1,1.0,,5.0,yNedoaQL3axoMEjw
769,34,121356,1.0,1,1,1,1,1,1.0,1,1,1,0,1,1.0,,5.0,5nJ4ApErRG0oG3kx
770,35,121447,1.0,1,1,1,1,0,1.0,1,0,0,0,1,1.0,,5.0,3YVN2MBw3aE9bRn5
771,36,121448,1.0,0,1,1,1,1,1.0,1,1,1,1,1,1.0,,5.0,Yxq827vYZBBoMWZ0
772,37,121453,1.0,1,1,1,1,1,1.0,1,1,1,1,1,1.0,,5.0,EZ8qox1YddQ26JVW
773,38,121454,1.0,1,1,1,1,1,1.0,1,1,1,1,1,1.0,,4.0,GlMq9eXGMBV2DpXY
774,39,121455,1.0,1,1,1,1,1,1.0,1,1,1,1,1,1.0,,4.0,NaBzABQ5O0r9YyVM
775,40,121456,1.0,1,1,1,1,1,1.0,1,1,1,1,1,1.0,,4.0,W7mLA5Omw5O2N6n1
776,41,121457,1.0,1,1,1,1,1,1.0,1,1,1,1,1,1.0,,4.0,xgOVA1geOWO2elJ1
777,42,121461,1.0,1,0,1,0,1,1.0,1,1,1,0,1,1.0,,4.0,wLxz2lXdmMz2kVj8
778,43,121462,1.0,1,1,1,1,1,1.0,1,0,0,0,1,1.0,,5.0,YXrqo4Bx0xx9MZdm
